txn_id,txn_date,value_date,narration,ref_no,debit_amount,credit_amount,balance
BANK000001,01/04/2025,01/04/2025,NEFT DR-URBAN LADDER RENT-08423,,"55,000.00",,"11,45,000.00"
BANK000002,02/04/2025,02/04/2025,UPI-BLUEDART EXPRESS-53103@paytm,,"1,319.95",,"11,43,680.05"
BANK000003,02/04/2025,02/04/2025,POS 4287XXXXXX INDIAN OIL-74232,,"2,896.72",,"11,40,783.33"
BANK000004,02/04/2025,02/04/2025,IMPS-P2A-FREELANCE DESIGN-52681,,"4,005.00",,"11,36,778.33"
BANK000005,02/04/2025,02/04/2025,SAL-NEFT-STAFF PAYROLL-42368,,"4,19,996.88",,"7,16,781.45"
BANK000006,03/04/2025,03/04/2025,BY TRANSFER-NEFT*IDFB629341437167*RAZORPAY,NEFTIN78985948,,602.44,"7,17,383.89"
BANK000007,03/04/2025,03/04/2025,NEFT-ICIC367502599174-RAZORPAY SOFTWARE PVT LTD-SETTLEMENT,ICIC367502599174,,"60,882.16","7,78,266.05"
BANK000008,03/04/2025,03/04/2025,UPI-SWIGGY INSTAMART-23811@ybl,,267.84,,"7,77,998.21"
BANK000009,03/04/2025,03/04/2025,NEFT DR-VISTAPRINT MARKETING-48571,,769.47,,"7,77,228.74"
BANK000010,05/04/2025,05/04/2025,UPI-SWIGGY INSTAMART-38780@ybl,,295.18,,"7,76,933.56"
BANK000011,05/04/2025,05/04/2025,UPI-SWIGGY INSTAMART-23294@ybl,,"1,201.72",,"7,75,731.84"
BANK000012,05/04/2025,05/04/2025,UPI-MAKEMYTRIP HOLIDAYS-20305@okhdfc,,"2,860.43",,"7,72,871.41"
BANK000013,05/04/2025,05/04/2025,NEFT DR-AMAZON WEB SERVICES INDIA PL-INV40180,,"17,297.86",,"7,55,573.55"
BANK000014,07/04/2025,07/04/2025,NEFT CR-ICIC183524264871-RAZORPAY SOFTWARE PVT LTD,ICIC183524264871,,512.61,"7,56,086.16"
BANK000015,07/04/2025,07/04/2025,IMPS-P2A CR-KHATRI TRADERS-INV 51243,,,"29,305.96","7,85,392.12"
BANK000016,07/04/2025,07/04/2025,NEFT-HDFC659292592201-RAZORPAY SOFTWARE PVT LTD-SETTLEMENT,NEFTIN21264437,,"36,570.32","8,21,962.44"
BANK000017,07/04/2025,07/04/2025,BY TRANSFER-NEFT*ICIC951592503523*RAZORPAY,NEFTIN27599629,,"63,895.71","8,85,858.15"
BANK000018,07/04/2025,07/04/2025,BY TRANSFER-NEFT*KKBK386503218673*RAZORPAY,NEFTIN47274939,,"1,16,461.28","10,02,319.43"
BANK000019,07/04/2025,07/04/2025,TDS PAYMENT-CBDT-18942,,"42,000.00",,"9,60,319.43"
BANK000020,08/04/2025,08/04/2025,RTGS-IDFB455766080131-RAZORPAY SOFTWARE PL-SETL,NEFTIN04701510,,"23,291.25","9,83,610.68"
BANK000021,08/04/2025,08/04/2025,UPI-BLUEDART EXPRESS-65925@paytm,,"1,524.68",,"9,82,086.00"
BANK000022,09/04/2025,09/04/2025,NEFT CR-IDFB121473639558-RAZORPAY SOFTWARE PVT LTD,IDFB121473639558,,"24,124.59","10,06,210.59"
BANK000023,09/04/2025,09/04/2025,NEFT CR-IDFB259748615652-RAZORPAY SOFTWARE PVT LTD,IDFB259748615652,,"43,147.42","10,49,358.01"
BANK000024,09/04/2025,09/04/2025,UPI-BLUEDART EXPRESS-71233@paytm,,"1,365.34",,"10,47,992.67"
BANK000025,09/04/2025,09/04/2025,UPI-BLUEDART EXPRESS-42723@paytm,,"1,932.03",,"10,46,060.64"
BANK000026,10/04/2025,10/04/2025,UPI-BLUEDART EXPRESS-31223@paytm,,684.89,,"10,45,375.75"
BANK000027,10/04/2025,10/04/2025,IMPS-P2A-COURIER DTDC-27918,,"1,397.57",,"10,43,978.18"
BANK000028,10/04/2025,10/04/2025,UPI-SWIGGY INSTAMART-64228@ybl,,"1,439.27",,"10,42,538.91"
BANK000029,11/04/2025,11/04/2025,NEFT CR 74966524003 RAZORPAY SOFTWARE,NEFTIN47236078,,"73,427.65","11,15,966.56"
BANK000030,12/04/2025,12/04/2025,RTGS-UTIB133044350985-RAZORPAY SOFTWARE PL-SETL,UTIB133044350985,,"65,596.63","11,81,563.19"
BANK000031,12/04/2025,12/04/2025,UPI-BLUEDART EXPRESS-91176@paytm,,873.36,,"11,80,689.83"
BANK000032,12/04/2025,12/04/2025,UPI-BLUEDART EXPRESS-57100@paytm,,891.75,,"11,79,798.08"
BANK000033,12/04/2025,12/04/2025,UPI-BHARTI AIRTEL-34765@icici,,"2,499.00",,"11,77,299.08"
BANK000034,12/04/2025,12/04/2025,UPI-MAKEMYTRIP HOLIDAYS-65489@okhdfc,,"4,954.71",,"11,72,344.37"
BANK000035,14/04/2025,14/04/2025,BY TRANSFER-NEFT*ICIC637438648801*RAZORPAY,ICIC637438648801,,"2,184.29","11,74,528.66"
BANK000036,14/04/2025,14/04/2025,RTGS-IDFB668127690903-RAZORPAY SOFTWARE PL-SETL,IDFB668127690903,,"32,297.89","12,06,826.55"
BANK000037,14/04/2025,14/04/2025,RTGS-ICIC466742813033-RAZORPAY SOFTWARE PL-SETL,ICIC466742813033,,"50,695.83","12,57,522.38"
BANK000038,14/04/2025,14/04/2025,NEFT DR-VISTAPRINT MARKETING-96501,,"1,667.09",,"12,55,855.29"
BANK000039,14/04/2025,14/04/2025,POS 4287XXXXXX INDIAN OIL-82075,,"1,735.13",,"12,54,120.16"
BANK000040,14/04/2025,14/04/2025,IMPS-P2A-COURIER DTDC-76121,,"2,482.23",,"12,51,637.93"
BANK000041,15/04/2025,15/04/2025,BY TRANSFER-NEFT*ICIC125355500822*RAZORPAY,NEFTIN32013265,,"2,213.79","12,53,851.72"
BANK000042,15/04/2025,15/04/2025,NEFT CR-RAZORPAY SOFTWARE PVT LTD-SETTLEMENT,NEFTIN12961945,,"31,625.33","12,85,477.05"
BANK000043,15/04/2025,15/04/2025,POS 4287XXXXXX INDIAN OIL-55124,,"2,272.57",,"12,83,204.48"
BANK000044,15/04/2025,15/04/2025,IMPS-P2A-COURIER DTDC-54611,,"2,601.09",,"12,80,603.39"
BANK000045,15/04/2025,15/04/2025,ACH-D-LIC PREMIUM-48841,,"36,000.00",,"12,44,603.39"
BANK000046,16/04/2025,16/04/2025,NEFT CR-UTIB634682506625-RAZORPAY SOFTWARE PVT LTD,NEFTIN57073049,,"28,665.40","12,73,268.79"
BANK000047,16/04/2025,16/04/2025,IMPS-P2A-COURIER DTDC-43515,,584.36,,"12,72,684.43"
BANK000048,16/04/2025,16/04/2025,POS 4287XXXXXX INDIAN OIL-77941,,"4,455.55",,"12,68,228.88"
BANK000049,17/04/2025,17/04/2025,RTGS-YESB920186045021-RAZORPAY SOFTWARE PL-SETL,YESB920186045021,,"57,653.13","13,25,882.01"
BANK000050,17/04/2025,17/04/2025,UPI-SWIGGY INSTAMART-84877@ybl,,940.73,,"13,24,941.28"
BANK000051,17/04/2025,17/04/2025,IMPS-P2A-COURIER DTDC-12287,,"2,514.63",,"13,22,426.65"
BANK000052,18/04/2025,18/04/2025,NEFT CR 4498540099 RAZORPAY SOFTWARE,NEFTIN60011927,,"4,812.53","13,27,239.18"
BANK000053,19/04/2025,19/04/2025,BY TRANSFER-NEFT*IDFB979387312093*RAZORPAY,NEFTIN21595376,,"15,380.72","13,42,619.90"
BANK000054,19/04/2025,19/04/2025,UPI-SWIGGY INSTAMART-47290@ybl,,"1,880.88",,"13,40,739.02"
BANK000055,19/04/2025,19/04/2025,UPI-SWIGGY INSTAMART-79009@ybl,,"1,987.02",,"13,38,752.00"
BANK000056,21/04/2025,21/04/2025,NEFT CR-RAZORPAY SOFTWARE PVT LTD-SETTLEMENT,NEFTIN56282623,,"19,893.18","13,58,645.18"
BANK000057,21/04/2025,21/04/2025,NEFT CR-YESB370235410520-RAZORPAY SOFTWARE PVT LTD,YESB370235410520,,"57,333.01","14,15,978.19"
BANK000058,21/04/2025,21/04/2025,NEFT DR-VISTAPRINT MARKETING-39227,,854.47,,"14,15,123.72"
BANK000059,21/04/2025,21/04/2025,GST PAYMENT-CBIC-10523,,"41,570.00",,"13,73,553.72"
BANK000060,22/04/2025,22/04/2025,BY CASH DEPOSIT-BRANCH 70319,,,"20,117.33","13,93,671.05"
BANK000061,22/04/2025,22/04/2025,NEFT CR 774563641292 RAZORPAY SOFTWARE,NEFTIN40248063,,"54,274.01","14,47,945.06"
BANK000062,22/04/2025,22/04/2025,IMPS-P2A-COURIER DTDC-71218,,785.24,,"14,47,159.82"
BANK000063,22/04/2025,22/04/2025,IMPS-P2A-FREELANCE DESIGN-23397,,"2,649.38",,"14,44,510.44"
BANK000064,24/04/2025,24/04/2025,NEFT CR-RAZORPAY SOFTWARE PVT LTD-SETTLEMENT,NEFTIN00917711,,"31,506.56","14,76,017.00"
BANK000065,24/04/2025,24/04/2025,POS 4287XXXXXX BIG BAZAAR-25347,,"2,678.94",,"14,73,338.06"
BANK000066,24/04/2025,24/04/2025,UPI-MAKEMYTRIP HOLIDAYS-50210@okhdfc,,"5,617.46",,"14,67,720.60"
BANK000067,25/04/2025,25/04/2025,NEFT-IDFB381195482906-RAZORPAY SOFTWARE PVT LTD-SETTLEMENT,IDFB381195482906,,"24,767.17","14,92,487.77"
BANK000068,25/04/2025,25/04/2025,POS 4287XXXXXX INDIAN OIL-52489,,"1,560.32",,"14,90,927.45"
BANK000069,25/04/2025,25/04/2025,POS 4287XXXXXX INDIAN OIL-17818,,"2,669.06",,"14,88,258.39"
BANK000070,26/04/2025,26/04/2025,BY TRANSFER-NEFT*YESB090583468207*RAZORPAY,NEFTIN11886787,,"8,719.24","14,96,977.63"
BANK000071,26/04/2025,26/04/2025,NEFT DR-VISTAPRINT MARKETING-90721,,838.35,,"14,96,139.28"
BANK000072,26/04/2025,26/04/2025,POS 4287XXXXXX BIG BAZAAR-44406,,"2,441.90",,"14,93,697.38"
BANK000073,26/04/2025,26/04/2025,IMPS-P2A-FREELANCE DESIGN-60785,,"2,872.08",,"14,90,825.30"
BANK000074,28/04/2025,28/04/2025,RTGS-YESB055454219969/2-RAZORPAY SOFTWARE PL-PART,YESB055454219969,,"10,408.84","15,01,234.14"
BANK000075,28/04/2025,28/04/2025,RTGS-YESB055454219969/1-RAZORPAY SOFTWARE PL-PART,YESB055454219969,,"10,833.69","15,12,067.83"
BANK000076,28/04/2025,28/04/2025,NEFT CR-HDFC827716747980-RAZORPAY SOFTWARE PVT LTD,NEFTIN63323983,,"12,265.33","15,24,333.16"
BANK000077,28/04/2025,28/04/2025,NEFT CR-SBIN948395736585-RAZORPAY SOFTWARE PVT LTD,SBIN948395736585,,"20,707.72","15,45,040.88"
BANK000078,28/04/2025,28/04/2025,NEFT-KKBK605390458528-RAZORPAY SOFTWARE PVT LTD-SETTLEMENT,NEFTIN36688014,,"51,721.40","15,96,762.28"
BANK000079,28/04/2025,28/04/2025,POS 4287XXXXXX BIG BAZAAR-30012,,443.69,,"15,96,318.59"
BANK000080,28/04/2025,28/04/2025,UPI-SWIGGY INSTAMART-89329@ybl,,"1,795.76",,"15,94,522.83"
BANK000081,28/04/2025,28/04/2025,POS 4287XXXXXX BIG BAZAAR-65788,,"2,161.42",,"15,92,361.41"
BANK000082,29/04/2025,29/04/2025,RTGS-YESB303902071067-RAZORPAY SOFTWARE PL-SETL,YESB303902071067,,"53,601.33","16,45,962.74"
BANK000083,29/04/2025,29/04/2025,NEFT DR-VISTAPRINT MARKETING-36868,,"1,127.57",,"16,44,835.17"
BANK000084,30/04/2025,30/04/2025,NEFT CR-FLIPKART WHOLESALE REFUND-3796,,,"28,066.81","16,72,901.98"
BANK000085,30/04/2025,30/04/2025,RTGS-YESB303902071067-RAZORPAY SOFTWARE PL-SETL,YESB303902071067,,"53,601.33","17,26,503.31"
BANK000086,30/04/2025,30/04/2025,NEFT CR-KKBK621059095225-RAZORPAY SOFTWARE PVT LTD,NEFTIN35279761,,"83,513.06","18,10,016.37"
BANK000087,30/04/2025,30/04/2025,POS 4287XXXXXX BIG BAZAAR-55220,,"2,536.52",,"18,07,479.85"
BANK000088,30/04/2025,30/04/2025,IMPS-P2A-COURIER DTDC-96986,,"2,974.60",,"18,04,505.25"
BANK000089,01/05/2025,01/05/2025,BY CASH DEPOSIT-BRANCH 44408,,,"21,477.87","18,25,983.12"
BANK000090,01/05/2025,01/05/2025,NEFT-IDFB273977416701-RAZORPAY SOFTWARE PVT LTD-SETTLEMENT,NEFTIN66573038,,"30,444.80","18,56,427.92"
BANK000091,01/05/2025,01/05/2025,POS 4287XXXXXX INDIAN OIL-35923,,"3,417.19",,"18,53,010.73"
BANK000092,01/05/2025,01/05/2025,NEFT DR-URBAN LADDER RENT-72175,,"55,000.00",,"17,98,010.73"
BANK000093,01/05/2025,01/05/2025,SAL-NEFT-STAFF PAYROLL-53790,,"4,27,459.53",,"13,70,551.20"
BANK000094,02/05/2025,02/05/2025,RTGS-SBIN006070491794/1-RAZORPAY SOFTWARE PL-PART,SBIN006070491794,,"13,478.22","13,84,029.42"
BANK000095,02/05/2025,02/05/2025,RTGS-SBIN006070491794/2-RAZORPAY SOFTWARE PL-PART,SBIN006070491794,,"20,217.35","14,04,246.77"
BANK000096,02/05/2025,02/05/2025,NEFT-UTIB654634670354-RAZORPAY SOFTWARE PVT LTD-SETTLEMENT,NEFTIN29708455,,"30,424.05","14,34,670.82"
BANK000097,03/05/2025,03/05/2025,NEFT-UTIB292366933302-RAZORPAY SOFTWARE PVT LTD-SETTLEMENT,NEFTIN52472958,,"45,506.58","14,80,177.40"
BANK000098,05/05/2025,05/05/2025,NEFT CR-FLIPKART WHOLESALE REFUND-13620,,,"6,560.04","14,86,737.44"
BANK000099,05/05/2025,05/05/2025,NEFT CR-RAZORPAY SOFTWARE PVT LTD-SETTLEMENT,NEFTIN09400431,,"58,217.83","15,44,955.27"
BANK000100,05/05/2025,05/05/2025,BY TRANSFER-NEFT*ICIC532653674608*RAZORPAY,NEFTIN27759346,,"81,388.62","16,26,343.89"
BANK000101,05/05/2025,05/05/2025,IMPS-P2A-COURIER DTDC-40072,,"2,064.34",,"16,24,279.55"
BANK000102,05/05/2025,05/05/2025,IMPS-P2A-FREELANCE DESIGN-42399,,"2,804.83",,"16,21,474.72"
BANK000103,05/05/2025,05/05/2025,NEFT DR-AMAZON WEB SERVICES INDIA PL-INV20157,,"18,588.29",,"16,02,886.43"
BANK000104,06/05/2025,06/05/2025,NEFT CR 7825467879 RAZORPAY SOFTWARE,NEFTIN10993893,,"61,094.88","16,63,981.31"
BANK000105,06/05/2025,06/05/2025,IMPS-P2A-FREELANCE DESIGN-43581,,"2,776.22",,"16,61,205.09"
BANK000106,06/05/2025,06/05/2025,POS 4287XXXXXX INDIAN OIL-64597,,"3,555.73",,"16,57,649.36"
BANK000107,06/05/2025,06/05/2025,POS 4287XXXXXX INDIAN OIL-58734,,"4,014.99",,"16,53,634.37"
BANK000108,07/05/2025,07/05/2025,BY CASH DEPOSIT-BRANCH 90305,,,"1,246.93","16,54,881.30"
BANK000109,07/05/2025,07/05/2025,NEFT-ICIC178127710898-RAZORPAY SOFTWARE PVT LTD-SETTLEMENT,NEFTIN79854982,,"30,050.18","16,84,931.48"
BANK000110,07/05/2025,07/05/2025,TDS PAYMENT-CBDT-64618,,"41,999.00",,"16,42,932.48"
BANK000111,08/05/2025,08/05/2025,RTGS-YESB749203914327-RAZORPAY SOFTWARE PL-SETL,NEFTIN16507846,,"49,168.67","16,92,101.15"
BANK000112,08/05/2025,08/05/2025,UPI-MAKEMYTRIP HOLIDAYS-49707@okhdfc,,"5,068.17",,"16,87,032.98"
BANK000113,09/05/2025,09/05/2025,RTGS-SBIN073136344150/1-RAZORPAY SOFTWARE PL-PART,SBIN073136344150,,"10,359.49","16,97,392.47"
BANK000114,09/05/2025,09/05/2025,RTGS-SBIN073136344150/2-RAZORPAY SOFTWARE PL-PART,SBIN073136344150,,"13,732.37","17,11,124.84"
BANK000115,09/05/2025,09/05/2025,IMPS-P2A-FREELANCE DESIGN-97428,,"4,624.34",,"17,06,500.50"
BANK000116,10/05/2025,10/05/2025,RTGS-HDFC550245324033-RAZORPAY SOFTWARE PL-SETL,HDFC550245324033,,"16,047.12","17,22,547.62"
BANK000117,10/05/2025,10/05/2025,NEFT CR-ICIC353561822370-RAZORPAY SOFTWARE PVT LTD,NEFTIN96224611,,"50,298.15","17,72,845.77"
BANK000118,12/05/2025,12/05/2025,NEFT CR-FLIPKART WHOLESALE REFUND-21271,,,"1,209.89","17,74,055.66"
BANK000119,12/05/2025,12/05/2025,RTGS-IDFB355976451394-RAZORPAY SOFTWARE PL-SETL,NEFTIN53060949,,"12,229.41","17,86,285.07"
BANK000120,12/05/2025,12/05/2025,BY TRANSFER-NEFT*ICIC443196230454*RAZORPAY,NEFTIN30341355,,"27,071.63","18,13,356.70"
BANK000121,12/05/2025,12/05/2025,NEFT-HDFC447198916727-RAZORPAY SOFTWARE PVT LTD-SETTLEMENT,NEFTIN16220041,,"28,454.46","18,41,811.16"
BANK000122,12/05/2025,12/05/2025,BY TRANSFER-NEFT*YESB277710810285*RAZORPAY,NEFTIN86194669,,"50,326.13","18,92,137.29"
BANK000123,12/05/2025,12/05/2025,UPI-SWIGGY INSTAMART-40450@ybl,,"2,389.74",,"18,89,747.55"
BANK000124,12/05/2025,12/05/2025,UPI-BHARTI AIRTEL-54558@icici,,"2,499.00",,"18,87,248.55"
BANK000125,13/05/2025,13/05/2025,NEFT CR-RAZORPAY SOFTWARE PVT LTD-SETTLEMENT,NEFTIN98520082,,"23,745.06","19,10,993.61"
BANK000126,14/05/2025,14/05/2025,NEFT CR 305708876417 RAZORPAY SOFTWARE,NEFTIN13868852,,"57,263.42","19,68,257.03"
BANK000127,14/05/2025,14/05/2025,IMPS-P2A-COURIER DTDC-89757,,"1,609.22",,"19,66,647.81"
BANK000128,14/05/2025,14/05/2025,IMPS-P2A-FREELANCE DESIGN-39573,,"2,632.41",,"19,64,015.40"
BANK000129,15/05/2025,15/05/2025,RTGS-YESB359155754026-RAZORPAY SOFTWARE PL-SETL,NEFTIN70513008,,"33,891.09","19,97,906.49"
BANK000130,15/05/2025,15/05/2025,NEFT DR-VISTAPRINT MARKETING-33543,,"1,161.87",,"19,96,744.62"
BANK000131,15/05/2025,15/05/2025,UPI-SWIGGY INSTAMART-69343@ybl,,"1,640.02",,"19,95,104.60"
BANK000132,16/05/2025,16/05/2025,NEFT CR-UTIB021959861136-RAZORPAY SOFTWARE PVT LTD,UTIB021959861136,,"19,523.35","20,14,627.95"
BANK000133,16/05/2025,16/05/2025,NEFT DR-VISTAPRINT MARKETING-75803,,414.05,,"20,14,213.90"
BANK000134,16/05/2025,16/05/2025,UPI-SWIGGY INSTAMART-39786@ybl,,"1,541.05",,"20,12,672.85"
BANK000135,17/05/2025,17/05/2025,RTGS-YESB350347883667/1-RAZORPAY SOFTWARE PL-PART,YESB350347883667,,"13,924.63","20,26,597.48"
BANK000136,17/05/2025,17/05/2025,NEFT-HDFC442018994762-RAZORPAY SOFTWARE PVT LTD-SETTLEMENT,HDFC442018994762,,"15,786.29","20,42,383.77"
BANK000137,17/05/2025,17/05/2025,NEFT CR-UTIB021959861136-RAZORPAY SOFTWARE PVT LTD,UTIB021959861136,,"19,523.35","20,61,907.12"
BANK000138,17/05/2025,17/05/2025,RTGS-YESB350347883667/2-RAZORPAY SOFTWARE PL-PART,YESB350347883667,,"21,779.56","20,83,686.68"
BANK000139,17/05/2025,17/05/2025,BY TRANSFER-NEFT*ICIC389125969004*RAZORPAY,NEFTIN14225684,,"33,913.53","21,17,600.21"
BANK000140,17/05/2025,17/05/2025,UPI-BLUEDART EXPRESS-19969@paytm,,391.89,,"21,17,208.32"
BANK000141,17/05/2025,17/05/2025,UPI-BLUEDART EXPRESS-42549@paytm,,"1,765.83",,"21,15,442.49"
BANK000142,17/05/2025,17/05/2025,IMPS-P2A-COURIER DTDC-11901,,"2,307.43",,"21,13,135.06"
BANK000143,19/05/2025,19/05/2025,BY TRANSFER-NEFT*KKBK536945410731*RAZORPAY,KKBK536945410731,,"22,388.58","21,35,523.64"
BANK000144,19/05/2025,19/05/2025,RTGS-HDFC116564598856-RAZORPAY SOFTWARE PL-SETL,HDFC116564598856,,"32,675.31","21,68,198.95"
BANK000145,19/05/2025,19/05/2025,NEFT CR-UTIB248820558934-RAZORPAY SOFTWARE PVT LTD,NEFTIN76464863,,"71,122.60","22,39,321.55"
BANK000146,19/05/2025,19/05/2025,UPI-BLUEDART EXPRESS-41121@paytm,,554.75,,"22,38,766.80"
BANK000147,19/05/2025,19/05/2025,UPI-MAKEMYTRIP HOLIDAYS-67068@okhdfc,,"3,219.66",,"22,35,547.14"
BANK000148,19/05/2025,19/05/2025,POS 4287XXXXXX INDIAN OIL-56408,,"5,002.60",,"22,30,544.54"
BANK000149,20/05/2025,20/05/2025,NEFT CR-KKBK160487464340-RAZORPAY SOFTWARE PVT LTD,NEFTIN92191952,,"26,639.49","22,57,184.03"
BANK000150,20/05/2025,20/05/2025,NEFT CR-UTIB248820558934-RAZORPAY SOFTWARE PVT LTD,NEFTIN76464863,,"71,122.60","23,28,306.63"
BANK000151,20/05/2025,20/05/2025,UPI-SWIGGY INSTAMART-68902@ybl,,390.64,,"23,27,915.99"
BANK000152,20/05/2025,20/05/2025,UPI-BLUEDART EXPRESS-86418@paytm,,656.90,,"23,27,259.09"
BANK000153,20/05/2025,20/05/2025,GST PAYMENT-CBIC-93743,,"39,900.00",,"22,87,359.09"
BANK000154,21/05/2025,21/05/2025,NEFT CR-RAZORPAY SOFTWARE PVT LTD-SETTLEMENT,NEFTIN37453302,,"26,641.61","23,14,000.70"
BANK000155,21/05/2025,21/05/2025,INT.PD:SB ACCOUNT-17693,,,"26,939.12","23,40,939.82"
BANK000156,21/05/2025,21/05/2025,UPI-BLUEDART EXPRESS-76756@paytm,,"1,866.93",,"23,39,072.89"
BANK000157,21/05/2025,21/05/2025,IMPS-P2A-COURIER DTDC-36240,,"2,480.38",,"23,36,592.51"
BANK000158,22/05/2025,22/05/2025,NEFT-IDFB-5726 8198 4183-RAZORPAY SOFTWARE PVT LTD,NEFTIN13789630,,"20,434.84","23,57,027.35"
BANK000159,23/05/2025,23/05/2025,NEFT CR-AXIS BANK-EXPORT INCENTIVE DGFT-80763,,,"25,026.42","23,82,053.77"
BANK000160,23/05/2025,23/05/2025,NEFT-KKBK764506431034-RAZORPAY SOFTWARE PVT LTD-SETTLEMENT,NEFTIN78196229,,"92,578.47","24,74,632.24"
BANK000161,23/05/2025,23/05/2025,UPI-SWIGGY INSTAMART-44463@ybl,,745.37,,"24,73,886.87"
BANK000162,23/05/2025,23/05/2025,IMPS-P2A-COURIER DTDC-17956,,877.64,,"24,73,009.23"
BANK000163,23/05/2025,23/05/2025,POS 4287XXXXXX BIG BAZAAR-35094,,"2,745.78",,"24,70,263.45"
BANK000164,24/05/2025,24/05/2025,RTGS-KKBK384592154889-RAZORPAY SOFTWARE PL-SETL,KKBK384592154889,,"45,292.14","25,15,555.59"
BANK000165,24/05/2025,24/05/2025,POS 4287XXXXXX BIG BAZAAR-30116,,622.85,,"25,14,932.74"
BANK000166,24/05/2025,24/05/2025,POS 4287XXXXXX BIG BAZAAR-48993,,"2,131.95",,"25,12,800.79"
BANK000167,24/05/2025,24/05/2025,POS 4287XXXXXX INDIAN OIL-99035,,"2,276.74",,"25,10,524.05"
BANK000168,26/05/2025,26/05/2025,NEFT-HDFC824333429010-RAZORPAY SOFTWARE PVT LTD-SETTLEMENT,NEFTIN16242407,,"2,825.95","25,13,350.00"
BANK000169,26/05/2025,26/05/2025,RTGS-ICIC282956907597-RAZORPAY SOFTWARE PL-SETL,ICIC282956907597,,"33,880.24","25,47,230.24"
BANK000170,26/05/2025,26/05/2025,BY TRANSFER-NEFT*UTIB926318053198*RAZORPAY,NEFTIN49326161,,"40,995.31","25,88,225.55"
BANK000171,26/05/2025,26/05/2025,UPI-BLUEDART EXPRESS-35335@paytm,,424.94,,"25,87,800.61"
BANK000172,26/05/2025,26/05/2025,IMPS-P2A-COURIER DTDC-44213,,"2,504.62",,"25,85,295.99"
BANK000173,26/05/2025,26/05/2025,UPI-MAKEMYTRIP HOLIDAYS-37705@okhdfc,,"3,502.94",,"25,81,793.05"
BANK000174,27/05/2025,27/05/2025,NEFT CR-RAZORPAY SOFTWARE PVT LTD-SETTLEMENT,NEFTIN91058867,,"11,423.74","25,93,216.79"
BANK000175,27/05/2025,27/05/2025,POS 4287XXXXXX BIG BAZAAR-83685,,960.18,,"25,92,256.61"
BANK000176,27/05/2025,27/05/2025,UPI-MAKEMYTRIP HOLIDAYS-27842@okhdfc,,"1,910.97",,"25,90,345.64"
BANK000177,27/05/2025,27/05/2025,POS 4287XXXXXX BIG BAZAAR-27718,,"2,279.76",,"25,88,065.88"
BANK000178,28/05/2025,28/05/2025,NEFT CR-RAZORPAY SOFTWARE PVT LTD-SETTLEMENT,NEFTIN74647373,,"2,831.39","25,90,897.27"
BANK000179,28/05/2025,28/05/2025,NEFT DR-VISTAPRINT MARKETING-78477,,497.35,,"25,90,399.92"
BANK000180,28/05/2025,28/05/2025,POS 4287XXXXXX BIG BAZAAR-94652,,974.28,,"25,89,425.64"
BANK000181,28/05/2025,28/05/2025,POS 4287XXXXXX INDIAN OIL-12971,,"4,760.42",,"25,84,665.22"
BANK000182,29/05/2025,29/05/2025,NEFT-IDFB-6313 3786 1480-RAZORPAY SOFTWARE PVT LTD,NEFTIN35237072,,"11,633.80","25,96,299.02"
BANK000183,29/05/2025,29/05/2025,UPI-BLUEDART EXPRESS-31043@paytm,,887.90,,"25,95,411.12"
BANK000184,29/05/2025,29/05/2025,IMPS-P2A-COURIER DTDC-50862,,"1,673.70",,"25,93,737.42"
BANK000185,29/05/2025,29/05/2025,NEFT DR-VISTAPRINT MARKETING-90975,,"2,205.04",,"25,91,532.38"
BANK000186,30/05/2025,30/05/2025,BY TRANSFER-NEFT*IDFB570723853227*RAZORPAY,IDFB570723853227,,"4,622.57","25,96,154.95"
BANK000187,30/05/2025,30/05/2025,RTGS-SBIN327736301218/2-RAZORPAY SOFTWARE PL-PART,SBIN327736301218,,"28,955.64","26,25,110.59"
BANK000188,30/05/2025,30/05/2025,RTGS-SBIN327736301218/1-RAZORPAY SOFTWARE PL-PART,SBIN327736301218,,"30,137.50","26,55,248.09"
BANK000189,30/05/2025,30/05/2025,UPI-SWIGGY INSTAMART-79090@ybl,,862.16,,"26,54,385.93"
BANK000190,30/05/2025,30/05/2025,UPI-MAKEMYTRIP HOLIDAYS-30495@okhdfc,,"1,470.04",,"26,52,915.89"
BANK000191,30/05/2025,30/05/2025,UPI-MAKEMYTRIP HOLIDAYS-54394@okhdfc,,"4,195.15",,"26,48,720.74"
BANK000192,31/05/2025,31/05/2025,RTGS-KKBK870147575042-RAZORPAY SOFTWARE PL-SETL,NEFTIN25409010,,"1,23,365.36","27,72,086.10"
BANK000193,31/05/2025,31/05/2025,NEFT DR-VISTAPRINT MARKETING-83786,,"2,418.48",,"27,69,667.62"
BANK000194,31/05/2025,31/05/2025,UPI-MAKEMYTRIP HOLIDAYS-17747@okhdfc,,"4,670.43",,"27,64,997.19"
BANK000195,02/06/2025,02/06/2025,RTGS-UTIB367947991052-RAZORPAY SOFTWARE PL-SETL,NEFTIN11689164,,"10,334.46","27,75,331.65"
BANK000196,02/06/2025,02/06/2025,NEFT-SBIN910479333121-RAZORPAY SOFTWARE PVT LTD-SETTLEMENT,SBIN910479333121,,"43,489.50","28,18,821.15"
BANK000197,02/06/2025,02/06/2025,NEFT CR-RAZORPAY SOFTWARE PVT LTD-SETTLEMENT,NEFTIN76294386,,"46,597.31","28,65,418.46"
BANK000198,02/06/2025,02/06/2025,RTGS-KKBK870147575042-RAZORPAY SOFTWARE PL-SETL,NEFTIN25409010,,"1,23,365.36","29,88,783.82"
BANK000199,02/06/2025,02/06/2025,UPI-SWIGGY INSTAMART-43055@ybl,,749.60,,"29,88,034.22"
BANK000200,02/06/2025,02/06/2025,UPI-MAKEMYTRIP HOLIDAYS-98863@okhdfc,,"2,668.76",,"29,85,365.46"
BANK000201,02/06/2025,02/06/2025,NEFT DR-URBAN LADDER RENT-88276,,"55,000.00",,"29,30,365.46"
BANK000202,02/06/2025,02/06/2025,SAL-NEFT-STAFF PAYROLL-36501,,"4,29,599.38",,"25,00,766.08"
BANK000203,03/06/2025,03/06/2025,NEFT CR-RAZORPAY SOFTWARE PVT LTD-SETTLEMENT,NEFTIN76625622,,"15,215.95","25,15,982.03"
BANK000204,04/06/2025,04/06/2025,NEFT-ICIC056683877971-RAZORPAY SOFTWARE PVT LTD-SETTLEMENT,ICIC056683877971,,"59,243.06","25,75,225.09"
BANK000205,05/06/2025,05/06/2025,NEFT CR 214751368951 RAZORPAY SOFTWARE,NEFTIN71709941,,"34,864.61","26,10,089.70"
BANK000206,05/06/2025,05/06/2025,UPI-BLUEDART EXPRESS-86056@paytm,,"1,595.33",,"26,08,494.37"
BANK000207,05/06/2025,05/06/2025,IMPS-P2A-COURIER DTDC-26659,,"2,850.61",,"26,05,643.76"
BANK000208,05/06/2025,05/06/2025,NEFT DR-AMAZON WEB SERVICES INDIA PL-INV42585,,"18,283.38",,"25,87,360.38"
BANK000209,06/06/2025,06/06/2025,NEFT-IDFB809588777825-RAZORPAY SOFTWARE PVT LTD-SETTLEMENT,NEFTIN65435193,,"44,254.10","26,31,614.48"
BANK000210,06/06/2025,06/06/2025,NEFT DR-VISTAPRINT MARKETING-29517,,"1,764.30",,"26,29,850.18"
BANK000211,06/06/2025,06/06/2025,IMPS-P2A-COURIER DTDC-59243,,"1,878.64",,"26,27,971.54"
BANK000212,07/06/2025,07/06/2025,BY TRANSFER-NEFT*YESB167997511171*RAZORPAY,YESB167997511171,,"35,624.33","26,63,595.87"
BANK000213,07/06/2025,07/06/2025,UPI-SWIGGY INSTAMART-47287@ybl,,708.01,,"26,62,887.86"
BANK000214,07/06/2025,07/06/2025,POS 4287XXXXXX INDIAN OIL-84777,,"6,850.49",,"26,56,037.37"
BANK000215,07/06/2025,07/06/2025,TDS PAYMENT-CBDT-74020,,"42,745.00",,"26,13,292.37"
BANK000216,09/06/2025,09/06/2025,NEFT CR-IDFB833405909826-RAZORPAY SOFTWARE PVT LTD,NEFTIN60044730,,"70,115.05","26,83,407.42"
BANK000217,09/06/2025,09/06/2025,NEFT CR 8402281364 RAZORPAY SOFTWARE,NEFTIN50661858,,"96,241.48","27,79,648.90"
BANK000218,09/06/2025,09/06/2025,IMPS-P2A-COURIER DTDC-60696,,"2,454.79",,"27,77,194.11"
BANK000219,10/06/2025,10/06/2025,NEFT CR-KKBK841025185318-RAZORPAY SOFTWARE PVT LTD,NEFTIN38512699,,"75,599.69","28,52,793.80"
BANK000220,10/06/2025,10/06/2025,NEFT DR-VISTAPRINT MARKETING-77056,,806.39,,"28,51,987.41"
BANK000221,10/06/2025,10/06/2025,IMPS-P2A-FREELANCE DESIGN-78336,,"4,489.65",,"28,47,497.76"
BANK000222,12/06/2025,12/06/2025,NEFT-IDFB550246685114-RAZORPAY SOFTWARE PVT LTD-SETTLEMENT,NEFTIN43147693,,"16,286.44","28,63,784.20"
BANK000223,12/06/2025,12/06/2025,NEFT DR-VISTAPRINT MARKETING-58096,,"1,084.20",,"28,62,700.00"
BANK000224,12/06/2025,12/06/2025,POS 4287XXXXXX BIG BAZAAR-21623,,"1,841.04",,"28,60,858.96"
BANK000225,12/06/2025,12/06/2025,UPI-MAKEMYTRIP HOLIDAYS-99875@okhdfc,,"2,370.21",,"28,58,488.75"
BANK000226,12/06/2025,12/06/2025,UPI-BHARTI AIRTEL-44359@icici,,"2,499.00",,"28,55,989.75"
BANK000227,13/06/2025,13/06/2025,NEFT CR 1280354775 RAZORPAY SOFTWARE,NEFTIN94111206,,"1,27,439.31","29,83,429.06"
BANK000228,13/06/2025,13/06/2025,NEFT DR-VISTAPRINT MARKETING-65726,,304.60,,"29,83,124.46"
BANK000229,14/06/2025,14/06/2025,NEFT-YESB-6463 1919 4692-RAZORPAY SOFTWARE PVT LTD,NEFTIN67889503,,"14,937.93","29,98,062.39"
BANK000230,14/06/2025,14/06/2025,RTGS-HDFC985920696216-RAZORPAY SOFTWARE PL-SETL,HDFC985920696216,,"31,787.67","30,29,850.06"
BANK000231,16/06/2025,16/06/2025,NEFT-KKBK381028899524-RAZORPAY SOFTWARE PVT LTD-SETTLEMENT,KKBK381028899524,,"36,288.52","30,66,138.58"
BANK000232,16/06/2025,16/06/2025,NEFT CR-SBIN732495292352-RAZORPAY SOFTWARE PVT LTD,SBIN732495292352,,"36,876.05","31,03,014.63"
BANK000233,16/06/2025,16/06/2025,IMPS-P2A-COURIER DTDC-85867,,"2,693.83",,"31,00,320.80"
BANK000234,16/06/2025,16/06/2025,UPI-MAKEMYTRIP HOLIDAYS-54994@okhdfc,,"5,845.60",,"30,94,475.20"
BANK000235,17/06/2025,17/06/2025,BY TRANSFER-NEFT*UTIB724697112874*RAZORPAY,UTIB724697112874,,"56,238.75","31,50,713.95"
BANK000236,17/06/2025,17/06/2025,IMPS-P2A-FREELANCE DESIGN-18381,,"3,734.11",,"31,46,979.84"
BANK000237,18/06/2025,18/06/2025,NEFT CR-RAZORPAY SOFTWARE PVT LTD-SETTLEMENT,NEFTIN50371184,,"1,018.38","31,47,998.22"
BANK000238,18/06/2025,18/06/2025,BY TRANSFER-NEFT*ICIC592304959478*RAZORPAY,NEFTIN57833490,,"12,524.40","31,60,522.62"
BANK000239,18/06/2025,18/06/2025,RTGS-IDFB610369544244-RAZORPAY SOFTWARE PL-SETL,NEFTIN82345350,,"12,573.95","31,73,096.57"
BANK000240,18/06/2025,18/06/2025,UPI-BLUEDART EXPRESS-63144@paytm,,"1,700.76",,"31,71,395.81"
BANK000241,19/06/2025,19/06/2025,NEFT CR-RAZORPAY SOFTWARE PVT LTD-SETTLEMENT,NEFTIN88150804,,"14,359.63","31,85,755.44"
BANK000242,19/06/2025,19/06/2025,NEFT DR-VISTAPRINT MARKETING-61768,,318.66,,"31,85,436.78"
BANK000243,20/06/2025,20/06/2025,NEFT CR 6226173946 RAZORPAY SOFTWARE,NEFTIN18945409,,"28,421.46","32,13,858.24"
BANK000244,20/06/2025,20/06/2025,IMPS-P2A-FREELANCE DESIGN-22090,,"2,067.21",,"32,11,791.03"
BANK000245,20/06/2025,20/06/2025,UPI-SWIGGY INSTAMART-82789@ybl,,"2,217.78",,"32,09,573.25"
BANK000246,20/06/2025,20/06/2025,UPI-MAKEMYTRIP HOLIDAYS-57917@okhdfc,,"5,462.89",,"32,04,110.36"
BANK000247,21/06/2025,21/06/2025,NEFT-KKBK-7818 6046 2839-RAZORPAY SOFTWARE PVT LTD,NEFTIN28359805,,"22,034.43","32,26,144.79"
BANK000248,21/06/2025,21/06/2025,UPI-BLUEDART EXPRESS-34990@paytm,,358.62,,"32,25,786.17"
BANK000249,21/06/2025,21/06/2025,POS 4287XXXXXX INDIAN OIL-64033,,"1,993.06",,"32,23,793.11"
BANK000250,23/06/2025,23/06/2025,RTGS-UTIB633495365399-RAZORPAY SOFTWARE PL-SETL,NEFTIN30201734,,"37,506.02","32,61,299.13"
BANK000251,23/06/2025,23/06/2025,UPI-SWIGGY INSTAMART-91289@ybl,,"1,383.13",,"32,59,916.00"
BANK000252,23/06/2025,23/06/2025,POS 4287XXXXXX BIG BAZAAR-87188,,"2,758.37",,"32,57,157.63"
BANK000253,23/06/2025,23/06/2025,GST PAYMENT-CBIC-69720,,"43,220.00",,"32,13,937.63"
BANK000254,24/06/2025,24/06/2025,NEFT CR-YESB099312280283-RAZORPAY SOFTWARE PVT LTD,YESB099312280283,,"62,293.24","32,76,230.87"
BANK000255,24/06/2025,24/06/2025,IMPS-P2A-COURIER DTDC-41113,,"1,481.62",,"32,74,749.25"
BANK000256,24/06/2025,24/06/2025,IMPS-P2A-FREELANCE DESIGN-57232,,"3,132.81",,"32,71,616.44"
BANK000257,26/06/2025,26/06/2025,RTGS-SBIN174212059869-RAZORPAY SOFTWARE PL-SETL,NEFTIN08485821,,"32,368.39","33,03,984.83"
BANK000258,26/06/2025,26/06/2025,POS 4287XXXXXX BIG BAZAAR-12190,,"1,781.09",,"33,02,203.74"
BANK000259,26/06/2025,26/06/2025,NEFT DR-VISTAPRINT MARKETING-87558,,"2,066.35",,"33,00,137.39"
BANK000260,26/06/2025,26/06/2025,POS 4287XXXXXX INDIAN OIL-22077,,"2,375.44",,"32,97,761.95"
BANK000261,27/06/2025,27/06/2025,NEFT CR-RAZORPAY SOFTWARE PVT LTD-SETTLEMENT,NEFTIN54302183,,"32,376.39","33,30,138.34"
BANK000262,27/06/2025,27/06/2025,UPI-MAKEMYTRIP HOLIDAYS-35683@okhdfc,,"5,278.23",,"33,24,860.11"
BANK000263,28/06/2025,28/06/2025,POS 4287XXXXXX INDIAN OIL-84753,,"2,891.15",,"33,21,968.96"
BANK000264,30/06/2025,30/06/2025,BY TRANSFER-NEFT*ICIC445069424987*RAZORPAY,ICIC445069424987,,"82,764.63","34,04,733.59"
BANK000265,01/07/2025,01/07/2025,NEFT CR-HDFC005943015274-RAZORPAY SOFTWARE PVT LTD,NEFTIN84133030,,"70,336.78","34,75,070.37"
