order_id,receipt,amount_paise,status,created_at
order_VLHJoU3oRH95id,RCPT-2025-00001,91847,paid,2025-04-01T19:34:00
order_DGvYY9czelR3v4,RCPT-2025-00002,591300,paid,2025-04-01T22:20:00
order_fmTxuIjNw6yGAL,RCPT-2025-00003,618900,paid,2025-04-01T11:46:00
order_yudhUielLWMS5G,RCPT-2025-00004,12500,paid,2025-04-01T12:57:00
order_CDFqKwjB3TgFVb,RCPT-2025-00005,61700,paid,2025-04-01T20:33:00
order_joTgn77LiCC5zZ,RCPT-2025-00006,29200,paid,2025-04-01T13:39:00
order_jhS5EhqFCukZUA,RCPT-2025-00007,2569700,paid,2025-04-01T18:03:00
order_YsgpAQJis3OIfk,RCPT-2025-00008,1932100,paid,2025-04-01T10:35:00
order_PgA8VV7LUsQ6zT,RCPT-2025-00009,2392200,paid,2025-04-02T07:32:00
order_Wav3Vt2I5eFCMr,RCPT-2025-00010,28800,paid,2025-04-02T21:22:00
order_l3CpGxzj7FULn5,RCPT-2025-00011,2247994,paid,2025-04-02T16:45:00
order_shFKyPIkxAk9jq,RCPT-2025-00012,2170580,paid,2025-04-02T06:59:00
order_9xkwBCw2rZn0lo,RCPT-2025-00013,207600,paid,2025-04-02T20:55:00
order_U1z5U4Uy4MCVn3,RCPT-2025-00014,53500,paid,2025-04-02T07:24:00
order_xKHEHcBsQw4oKR,RCPT-2025-00015,2570000,paid,2025-04-02T21:22:00
order_8G73aIkaTr0UdO,RCPT-2025-00016,17100,created,2025-04-02T19:39:00
order_atKGC0Y24MNyTM,RCPT-2025-00017,2362600,paid,2025-04-02T10:54:00
order_5jCbLQJzWtpU8R,RCPT-2025-00018,14200,paid,2025-04-03T18:06:00
order_sR1L6EBDXGsRMj,RCPT-2025-00019,249400,paid,2025-04-03T09:53:00
order_jTdo5tOKx6yKZt,RCPT-2025-00020,18500,paid,2025-04-03T20:05:00
order_g4OoePVBdyLwrZ,RCPT-2025-00021,698800,paid,2025-04-03T16:32:00
order_9QcCknoeJ4XaRK,RCPT-2025-00022,656100,paid,2025-04-03T08:58:00
order_qf9uWBwAaKYlAF,RCPT-2025-00023,477800,paid,2025-04-03T11:01:00
order_76DfCURyMTyso7,RCPT-2025-00024,166300,paid,2025-04-03T14:16:00
order_Sw16fdmNhdyJKG,RCPT-2025-00025,172600,paid,2025-04-03T16:32:00
order_IMTn1lQfObkzLT,RCPT-2025-00026,787400,paid,2025-04-04T07:54:00
order_8xM0mFn52mtNQu,RCPT-2025-00027,80700,paid,2025-04-04T10:43:00
order_Gjasy2BmoGlnZQ,RCPT-2025-00028,208200,paid,2025-04-04T15:12:00
order_VjhFVKW2XcIpNE,RCPT-2025-00029,52500,paid,2025-04-04T20:30:00
order_YMdcLPQd7SYDnB,RCPT-2025-00030,70100,paid,2025-04-04T20:25:00
order_0Di0fFdruiYdL3,RCPT-2025-00031,1748300,paid,2025-04-04T15:59:00
order_NoFOcGrZhoFMUH,RCPT-2025-00032,310700,paid,2025-04-04T07:14:00
order_MfAAxQElClobHH,RCPT-2025-00033,449186,paid,2025-04-04T16:37:00
order_wtdqerM36iphqK,RCPT-2025-00034,18400,paid,2025-04-04T21:45:00
order_Tiv0O0gHoluCnr,RCPT-2025-00035,81000,created,2025-04-05T12:30:00
order_HIfdBEjyN0BSUS,RCPT-2025-00036,116400,paid,2025-04-05T15:05:00
order_ii6FVyy84WWUpQ,RCPT-2025-00037,2154100,paid,2025-04-05T20:26:00
order_etqskkhfCpG1NV,RCPT-2025-00038,334900,paid,2025-04-05T17:30:00
order_ZJBWK55yhSapRw,RCPT-2025-00039,2073200,paid,2025-04-05T17:21:00
order_GUgbNe371XYEpt,RCPT-2025-00040,22300,paid,2025-04-05T06:14:00
order_qjcFzUvfEwqq0o,RCPT-2025-00041,108200,paid,2025-04-05T20:31:00
order_yzekwYUmubPpxj,RCPT-2025-00042,89300,paid,2025-04-05T19:53:00
order_D0ZHQcsXjeIUcr,RCPT-2025-00043,187800,created,2025-04-05T07:43:00
order_7kfZGIxoVGTwtx,RCPT-2025-00044,74400,paid,2025-04-05T06:55:00
order_kDBPNhbxlAUOeJ,RCPT-2025-00045,1527200,paid,2025-04-05T14:58:00
order_6YIwl3ibGR7JlH,RCPT-2025-00046,59200,paid,2025-04-06T20:53:00
order_OBZ00L1iu8Tezl,RCPT-2025-00047,2125900,paid,2025-04-06T22:29:00
order_nV8Sxai58B9TsT,RCPT-2025-00048,52000,cancelled,2025-04-06T08:05:00
order_IJIILz2Fq1UUyk,RCPT-2025-00049,104200,paid,2025-04-06T07:51:00
order_MnVvdqol8ri2pb,RCPT-2025-00050,107300,paid,2025-04-06T09:37:00
order_SH19lu8GarpWnw,RCPT-2025-00051,31100,paid,2025-04-06T18:59:00
order_hZJozKDm38v74p,RCPT-2025-00052,97600,cancelled,2025-04-06T17:50:00
order_ZRr7D2QYYKoUAd,RCPT-2025-00053,28700,paid,2025-04-07T08:20:00
order_R0rjd3htIfsKW0,RCPT-2025-00054,147700,paid,2025-04-07T07:27:00
order_f4pRpQwhEv4KDx,RCPT-2025-00055,735500,paid,2025-04-07T19:11:00
order_kYIW9eQOwn6ori,RCPT-2025-00056,9800,paid,2025-04-07T16:45:00
order_XrAlcSX5Bo9OnY,RCPT-2025-00057,2531400,paid,2025-04-07T15:53:00
order_CXmoNBXvKwMgLp,RCPT-2025-00058,94100,paid,2025-04-07T08:39:00
order_vbVOLwBZnEcUGL,RCPT-2025-00059,713400,paid,2025-04-07T08:14:00
order_BkfO7YtKA66Rm4,RCPT-2025-00060,77900,paid,2025-04-08T16:01:00
order_dVBRIZSBtAohFY,RCPT-2025-00061,423591,paid,2025-04-08T20:59:00
order_Lh8mh1vmUcPnUj,RCPT-2025-00062,22200,created,2025-04-08T21:51:00
order_9H7FMRcNqLdSNW,RCPT-2025-00063,674100,paid,2025-04-08T10:54:00
order_3AtqkJBqDGfUro,RCPT-2025-00064,24800,paid,2025-04-08T19:01:00
order_1nFgKVvRfSC3Ac,RCPT-2025-00065,195000,paid,2025-04-08T13:41:00
order_eluDEzshwgPGHa,RCPT-2025-00066,11900,paid,2025-04-08T08:34:00
order_Xk3xXrimRDKnAX,RCPT-2025-00067,8500,paid,2025-04-08T11:52:00
order_MH4v6wt8jTzRWU,RCPT-2025-00068,1045081,paid,2025-04-09T14:54:00
order_b8u11RK60Fweq0,RCPT-2025-00069,44900,paid,2025-04-09T12:50:00
order_Q5qpIGVvm8xALp,RCPT-2025-00070,2764400,paid,2025-04-09T13:24:00
order_VNs8y4f9efMeTD,RCPT-2025-00071,397400,paid,2025-04-09T14:59:00
order_MPJBIUUMqt8S1X,RCPT-2025-00072,60500,paid,2025-04-09T12:08:00
order_iniLBRMYGiAWY0,RCPT-2025-00073,477484,paid,2025-04-09T14:22:00
order_HgKSUreAdqqGmc,RCPT-2025-00074,88900,paid,2025-04-09T12:14:00
order_pYRT6I7EJUsxTG,RCPT-2025-00075,2081400,paid,2025-04-09T22:26:00
order_SNa6S9qa6jH1N7,RCPT-2025-00076,187100,paid,2025-04-09T14:36:00
order_YAyUswMtEbg3XT,RCPT-2025-00077,9300,paid,2025-04-09T21:11:00
order_Kx6FaV4eym8FAw,RCPT-2025-00078,239300,paid,2025-04-09T20:31:00
order_OQvMjcrmSKSWLI,RCPT-2025-00079,41421,paid,2025-04-10T08:16:00
order_8bDhidA0KIOq93,RCPT-2025-00080,12700,paid,2025-04-10T14:48:00
order_Sx70Tz6D0b9SgX,RCPT-2025-00081,392800,paid,2025-04-10T12:18:00
order_OUIIRLueB5XB1m,RCPT-2025-00082,26500,paid,2025-04-10T21:25:00
order_aiwBkplzmrSeDL,RCPT-2025-00083,2860500,paid,2025-04-10T17:20:00
order_njw2cYTMjEcVAa,RCPT-2025-00084,1296000,paid,2025-04-10T11:21:00
order_9BgZkuRlMbjz5Z,RCPT-2025-00085,46900,paid,2025-04-10T22:27:00
order_TfkIcQGmoUgLXB,RCPT-2025-00086,175400,paid,2025-04-10T10:49:00
order_eOxYPDpuhEcfY0,RCPT-2025-00087,1760900,paid,2025-04-10T10:21:00
order_kDGAzjwA8UzLYa,RCPT-2025-00088,28600,paid,2025-04-11T13:53:00
order_yh9u7rKC4f2Y1Z,RCPT-2025-00089,84723,paid,2025-04-11T09:09:00
order_p7wvPp1Oc1YvsG,RCPT-2025-00090,2561600,paid,2025-04-11T09:44:00
order_FTXRGbqc49nF5S,RCPT-2025-00091,337300,paid,2025-04-11T16:08:00
order_T4QlRgvcwa6cUX,RCPT-2025-00092,101800,paid,2025-04-11T13:12:00
order_sPMNpUt9NuBmtU,RCPT-2025-00093,69700,paid,2025-04-11T17:27:00
order_W8Tt5nS5VrbURr,RCPT-2025-00094,62100,paid,2025-04-11T10:18:00
order_3divrgUsuVBNVe,RCPT-2025-00095,28000,paid,2025-04-11T06:32:00
order_43kIVdzfeYRjok,RCPT-2025-00096,10600,paid,2025-04-11T16:59:00
order_Kiezl6fNVqL2fa,RCPT-2025-00097,11700,paid,2025-04-11T19:24:00
order_qYvfLXdNNcZ4CM,RCPT-2025-00098,923800,paid,2025-04-12T21:18:00
order_RBFlUdekOesE2m,RCPT-2025-00099,11704,paid,2025-04-12T22:20:00
order_ZHm20j2gSB7nl9,RCPT-2025-00100,222900,paid,2025-04-12T07:26:00
order_8RH7n6A8RseeAF,RCPT-2025-00101,801400,paid,2025-04-12T09:08:00
order_uAshUBAsBIEL14,RCPT-2025-00102,107000,paid,2025-04-12T12:11:00
order_kMzKNcg1tI6Zy2,RCPT-2025-00103,1185400,paid,2025-04-12T21:35:00
order_vgy6VRH3Kxvnf1,RCPT-2025-00104,236400,paid,2025-04-12T07:41:00
order_EqV2yfLElhXCGM,RCPT-2025-00105,11600,paid,2025-04-12T12:46:00
order_eFMGVw0Dpaip1h,RCPT-2025-00106,1596800,paid,2025-04-12T14:43:00
order_chsqu8KXBdAQuB,RCPT-2025-00107,130700,paid,2025-04-12T22:04:00
order_CxiYCEhSpMjQuy,RCPT-2025-00108,14488,paid,2025-04-12T14:04:00
order_O7aZMwuISJNAoA,RCPT-2025-00109,68300,paid,2025-04-12T12:45:00
order_4CfGjyxHEwN6aJ,RCPT-2025-00110,234700,paid,2025-04-13T09:26:00
order_6J5RX8lVIsFTFT,RCPT-2025-00111,225300,cancelled,2025-04-13T07:57:00
order_fsYDfBpUP2UVRM,RCPT-2025-00112,1336100,paid,2025-04-13T08:29:00
order_8nGl2IVcRuqVdX,RCPT-2025-00113,1444000,paid,2025-04-13T10:06:00
order_2FDBqj4RZy3KNf,RCPT-2025-00114,191900,paid,2025-04-13T11:24:00
order_pCBfDUvZQDdnKS,RCPT-2025-00115,25700,paid,2025-04-14T17:38:00
order_pdrDaQGwik8nQw,RCPT-2025-00116,1308100,paid,2025-04-14T16:59:00
order_KG12TVvloonI1C,RCPT-2025-00117,13800,paid,2025-04-14T11:20:00
order_V2aarmCnqlSpRT,RCPT-2025-00118,26900,paid,2025-04-14T07:10:00
order_qnTASqCxB62Cj7,RCPT-2025-00119,962300,paid,2025-04-14T18:34:00
order_ZbopjUKP2ySZ81,RCPT-2025-00120,487700,paid,2025-04-14T17:25:00
order_tNmxHgK0ukOHsw,RCPT-2025-00121,73300,paid,2025-04-14T08:01:00
order_CM1ie60kEzff5k,RCPT-2025-00122,742200,paid,2025-04-15T08:41:00
order_zQRzEdbY0q53ts,RCPT-2025-00123,13000,paid,2025-04-15T21:45:00
order_PcBnMixMnZFbtr,RCPT-2025-00124,97100,paid,2025-04-15T19:40:00
order_GkWyCZf1j29l4B,RCPT-2025-00125,252600,paid,2025-04-15T06:05:00
order_PYdUpZOvwUT9Q2,RCPT-2025-00126,2551800,paid,2025-04-15T20:40:00
order_UbZy2g23ru9u45,RCPT-2025-00127,98400,paid,2025-04-15T07:32:00
order_v30XYYPYL9mavd,RCPT-2025-00128,1875981,paid,2025-04-15T14:54:00
order_ncy5PqHyLvwwW6,RCPT-2025-00129,83200,paid,2025-04-15T09:17:00
order_YogCIwJJPxOT50,RCPT-2025-00130,176800,paid,2025-04-15T10:11:00
order_nQkj7JTj65tSka,RCPT-2025-00131,10600,paid,2025-04-16T19:26:00
order_cP2HVO5OPOR4A0,RCPT-2025-00132,59800,paid,2025-04-16T08:14:00
order_Jd6p1iPeeukn7g,RCPT-2025-00133,275300,paid,2025-04-16T14:01:00
order_QfqdVgEVl4m65S,RCPT-2025-00134,20000,paid,2025-04-16T15:36:00
order_0uUjLDuX4e6nt2,RCPT-2025-00135,48000,paid,2025-04-16T10:18:00
order_AtEgeMwqu3uh7m,RCPT-2025-00136,62000,paid,2025-04-16T08:06:00
order_pUiclBzKztc3Dx,RCPT-2025-00137,15200,paid,2025-04-16T16:57:00
order_cSWrPKLYPk8o8z,RCPT-2025-00138,26900,paid,2025-04-17T10:09:00
order_w0eXz9xaWFNEcS,RCPT-2025-00139,961700,paid,2025-04-17T10:07:00
order_qWhkBLY61Eg7uB,RCPT-2025-00140,53600,paid,2025-04-17T07:12:00
order_SfCWPkKkBzzd8n,RCPT-2025-00141,174300,paid,2025-04-17T08:10:00
order_YRKCYa5bBXPh8g,RCPT-2025-00142,177600,paid,2025-04-17T21:14:00
order_L5xzyNoLo6PwHV,RCPT-2025-00143,39500,paid,2025-04-17T08:02:00
order_8KhuCq0N6C9g5n,RCPT-2025-00144,252600,paid,2025-04-17T14:48:00
order_r1AVv9cC7WXhIp,RCPT-2025-00145,2770800,created,2025-04-17T20:28:00
order_IGb3H8pqaD78Ed,RCPT-2025-00146,21700,paid,2025-04-17T14:26:00
order_uu2s7GXR89ZZzV,RCPT-2025-00147,19400,paid,2025-04-17T09:00:00
order_Ke349GMy77XpFI,RCPT-2025-00148,796100,paid,2025-04-18T12:19:00
order_H369yATDLo57gY,RCPT-2025-00149,57900,paid,2025-04-18T18:56:00
order_ePB4MaO4flz5LZ,RCPT-2025-00150,674837,paid,2025-04-18T21:52:00
order_1axssxED4uEuTn,RCPT-2025-00151,309500,paid,2025-04-18T18:12:00
order_Btjj4VJeAyZuC9,RCPT-2025-00152,702200,paid,2025-04-18T07:11:00
order_GijJr1BV0Yz94X,RCPT-2025-00153,367400,paid,2025-04-18T21:42:00
order_fJOAKN2UhFH7zD,RCPT-2025-00154,506500,paid,2025-04-18T19:50:00
order_icCJWqZodpZjwj,RCPT-2025-00155,1928900,paid,2025-04-18T06:20:00
order_IClENRxqApEg6Z,RCPT-2025-00156,400835,paid,2025-04-18T10:03:00
order_udwKtGs51O51Yb,RCPT-2025-00157,2046900,paid,2025-04-18T14:11:00
order_IaHBBHrVCMKOgz,RCPT-2025-00158,510900,cancelled,2025-04-19T11:17:00
order_H5kBWd1D1NdDGD,RCPT-2025-00159,18300,paid,2025-04-19T14:57:00
order_vzpGtsEHMRQJ1S,RCPT-2025-00160,2981400,paid,2025-04-19T17:32:00
order_OwPQJ8o598GYed,RCPT-2025-00161,1948400,created,2025-04-19T08:35:00
order_NLo7ckX1VUzhch,RCPT-2025-00162,10600,paid,2025-04-19T08:42:00
order_J9PmFQvmI9dREG,RCPT-2025-00163,28800,paid,2025-04-19T12:37:00
order_G22adoTxa1guBe,RCPT-2025-00164,136581,paid,2025-04-19T14:18:00
order_1PP5rwKTXaSJlZ,RCPT-2025-00165,877601,paid,2025-04-19T14:58:00
order_lRdDno3kDmSolS,RCPT-2025-00166,35600,created,2025-04-19T16:15:00
order_D92B30P8ZCP5P5,RCPT-2025-00167,10500,paid,2025-04-19T08:45:00
order_wdjwj5uggWcC7p,RCPT-2025-00168,38700,paid,2025-04-19T17:39:00
order_ULYeQL99HIgxE8,RCPT-2025-00169,216700,paid,2025-04-19T13:09:00
order_GmL1gvOKoRrJz9,RCPT-2025-00170,425100,paid,2025-04-19T21:56:00
order_aZ4pfcBIoIKe7a,RCPT-2025-00171,2182000,paid,2025-04-19T13:41:00
order_zA05bOczPj83h1,RCPT-2025-00172,596300,paid,2025-04-20T16:15:00
order_PdUspq8gkr5Z7e,RCPT-2025-00173,420100,cancelled,2025-04-20T21:01:00
order_aZM21e1kAy4Pe2,RCPT-2025-00174,1608400,paid,2025-04-20T20:50:00
order_uZx2J17j8StHiL,RCPT-2025-00175,404600,paid,2025-04-20T06:34:00
order_nS2fltIsKqYjKN,RCPT-2025-00176,2071100,paid,2025-04-20T22:15:00
order_24ZcSWkFddOsN2,RCPT-2025-00177,183100,paid,2025-04-20T12:58:00
order_5xwShLhjp7CKFU,RCPT-2025-00178,680500,paid,2025-04-20T09:53:00
order_BkWBARFu5b3UKS,RCPT-2025-00179,17871,paid,2025-04-20T16:34:00
order_EOvRw21hX7BowT,RCPT-2025-00180,25600,paid,2025-04-21T10:00:00
order_4kb7nVYva7Xd95,RCPT-2025-00181,822500,paid,2025-04-21T13:36:00
order_S0XcyTLh6vIhEV,RCPT-2025-00182,80800,paid,2025-04-21T06:06:00
order_0GKbP3xUcRbDvm,RCPT-2025-00183,943200,paid,2025-04-21T19:47:00
order_Q2f3YKxTsjsBeO,RCPT-2025-00184,1201500,paid,2025-04-21T20:35:00
order_g6CG6waDoc7zf2,RCPT-2025-00185,52200,paid,2025-04-21T09:02:00
order_xvbFgnRxutHfYq,RCPT-2025-00186,29200,paid,2025-04-21T10:47:00
order_wBNANl7oKu3kgP,RCPT-2025-00187,43500,paid,2025-04-21T22:06:00
order_6SoxgFvGB4iARj,RCPT-2025-00188,49800,paid,2025-04-22T22:50:00
order_WheynXmRRdAqw5,RCPT-2025-00189,48300,paid,2025-04-22T14:54:00
order_0GKpKhrb9SbmOB,RCPT-2025-00190,115300,paid,2025-04-22T13:09:00
order_mnOY9AS2zolu78,RCPT-2025-00191,9200,paid,2025-04-22T14:19:00
order_YS2qDp23UMoijS,RCPT-2025-00192,2333874,paid,2025-04-22T22:19:00
order_TALYhNDvrzJRar,RCPT-2025-00193,154700,paid,2025-04-22T22:36:00
order_0TU4S9ZyMKEHcS,RCPT-2025-00194,502600,paid,2025-04-22T10:17:00
order_q6OAaUmA2meADC,RCPT-2025-00195,49800,paid,2025-04-23T16:59:00
order_4nR5koVWuJP6e6,RCPT-2025-00196,95500,paid,2025-04-23T17:27:00
order_wT08h5owUCoryJ,RCPT-2025-00197,182200,paid,2025-04-23T07:25:00
order_mzm1hNtvxYze2E,RCPT-2025-00198,921400,paid,2025-04-23T06:25:00
order_hGiK89Z0xbiynT,RCPT-2025-00199,557353,paid,2025-04-23T18:48:00
order_H3rOvQO192aPPU,RCPT-2025-00200,316800,paid,2025-04-23T14:17:00
order_DpowieBYGY9wCZ,RCPT-2025-00201,9300,paid,2025-04-23T17:22:00
order_UwmRkkfUDgKdVu,RCPT-2025-00202,10305,paid,2025-04-23T09:59:00
order_b4g7tKFvmAzvRO,RCPT-2025-00203,380639,paid,2025-04-23T08:46:00
order_BjZ3m7njvogPva,RCPT-2025-00204,139600,paid,2025-04-24T22:11:00
order_7GObkdyQaSH2Jr,RCPT-2025-00205,204400,paid,2025-04-24T15:43:00
order_hp1vjCbd5yz9jQ,RCPT-2025-00206,10400,paid,2025-04-24T10:08:00
order_5d0VnEmWarzfmv,RCPT-2025-00207,646400,created,2025-04-24T12:02:00
order_KzeeqBC7MMLBgE,RCPT-2025-00208,417200,paid,2025-04-24T12:22:00
order_YLv1XlDiDMO4hr,RCPT-2025-00209,11600,paid,2025-04-24T15:39:00
order_5dCSBsKG0s42K6,RCPT-2025-00210,1480400,paid,2025-04-24T12:09:00
order_IRhOMGO1ZoWWOh,RCPT-2025-00211,74400,created,2025-04-24T07:21:00
order_nxnv41Q5t4l0vB,RCPT-2025-00212,34600,paid,2025-04-24T07:09:00
order_dnmrhAb2CVl3Fh,RCPT-2025-00213,718800,paid,2025-04-24T20:27:00
order_bfLKv2nDDXvLdy,RCPT-2025-00214,18700,paid,2025-04-25T20:32:00
order_yFcfQGnjo3wrtX,RCPT-2025-00215,287600,paid,2025-04-25T17:11:00
order_MOs1z4wf0IQSi3,RCPT-2025-00216,8700,paid,2025-04-25T18:16:00
order_kAnVhyErzPOOlO,RCPT-2025-00217,255600,paid,2025-04-25T11:34:00
order_TIo3qzFsevTHJt,RCPT-2025-00218,690500,paid,2025-04-25T06:13:00
order_HLi6lyRJyjTmlj,RCPT-2025-00219,229000,paid,2025-04-25T07:41:00
order_vNtNGoHV72lyvr,RCPT-2025-00220,1864400,paid,2025-04-25T22:24:00
order_xxM4AOaHfUCpsK,RCPT-2025-00221,11000,paid,2025-04-25T18:08:00
order_cf8qu09hBbbyDB,RCPT-2025-00222,25500,paid,2025-04-25T09:20:00
order_b8bTOqdchj7dNl,RCPT-2025-00223,449900,paid,2025-04-26T22:24:00
order_GJm5ALqAjYKrJJ,RCPT-2025-00224,203700,paid,2025-04-26T14:16:00
order_tDOTYkReHsebqN,RCPT-2025-00225,349900,paid,2025-04-26T06:34:00
order_Xz74tLHFtt7V0X,RCPT-2025-00226,1148100,paid,2025-04-26T22:58:00
order_DtXq4GCt7G0F6u,RCPT-2025-00227,2107200,cancelled,2025-04-26T06:40:00
order_9BIwRYzdcnm5xL,RCPT-2025-00228,38900,paid,2025-04-26T08:55:00
order_24l7Ty2bNqFPHn,RCPT-2025-00229,2636300,paid,2025-04-26T22:13:00
order_hrbR8r9IiOGAeN,RCPT-2025-00230,339800,paid,2025-04-26T10:20:00
order_qlHUCIgS90yuLu,RCPT-2025-00231,15400,paid,2025-04-26T22:20:00
order_TGS9VaF66zTF3q,RCPT-2025-00232,211776,paid,2025-04-26T06:12:00
order_VMAAi7xCvZ6vxI,RCPT-2025-00233,2487200,created,2025-04-26T18:32:00
order_6Srbs5aBRFvwva,RCPT-2025-00234,1561922,paid,2025-04-26T07:40:00
order_EMHMVNGBTMN5Ib,RCPT-2025-00235,27800,paid,2025-04-27T11:52:00
order_5Xhd5BBvU35b0G,RCPT-2025-00236,43300,paid,2025-04-27T21:30:00
order_Nz8kMRegOBSXJg,RCPT-2025-00237,228100,paid,2025-04-27T14:57:00
order_bcZMrxudjfI404,RCPT-2025-00238,2043800,paid,2025-04-27T10:13:00
order_xeGErevTSUdfhF,RCPT-2025-00239,581700,paid,2025-04-27T18:10:00
order_GVaPuHbbxZBNBl,RCPT-2025-00240,703000,paid,2025-04-27T11:59:00
order_1gGmDbRVanKRZg,RCPT-2025-00241,2417200,paid,2025-04-27T16:00:00
order_ERphajuib2LqB8,RCPT-2025-00242,23600,paid,2025-04-28T20:55:00
order_113RCNOBJFAk6K,RCPT-2025-00243,2913100,paid,2025-04-28T19:30:00
order_NB47lvAAn5AB7s,RCPT-2025-00244,20700,paid,2025-04-28T13:46:00
order_6TjKWTo9X0pVfa,RCPT-2025-00245,2969100,paid,2025-04-28T10:22:00
order_b4VG5wIKotYZGF,RCPT-2025-00246,822500,paid,2025-04-28T22:36:00
order_c9yZzukV3gbbua,RCPT-2025-00247,1040178,paid,2025-04-28T22:26:00
order_JTl5F788ixsTQn,RCPT-2025-00248,14000,paid,2025-04-28T14:18:00
order_MkTEyViPD1vb9D,RCPT-2025-00249,437800,paid,2025-04-28T07:12:00
order_DMUCa94JGPoeC4,RCPT-2025-00250,8800,paid,2025-04-28T09:27:00
order_BiwmoND3sWMsvm,RCPT-2025-00251,115484,paid,2025-04-28T12:10:00
order_dy0yFBMRam9ueS,RCPT-2025-00252,174600,paid,2025-04-28T11:08:00
order_YRQQ4eXXnkToEk,RCPT-2025-00253,945000,paid,2025-04-28T19:44:00
order_PIkYFHKN8nTfNn,RCPT-2025-00254,85863,paid,2025-04-28T09:15:00
order_qEUiSXB63fbRab,RCPT-2025-00255,473200,paid,2025-04-29T22:06:00
order_UwdFBoZ4aUCb4i,RCPT-2025-00256,9300,paid,2025-04-29T16:05:00
order_r7CHULrApE9p8Q,RCPT-2025-00257,39408,paid,2025-04-29T22:51:00
order_LmHA9ii3X0pSpw,RCPT-2025-00258,1322400,paid,2025-04-29T06:58:00
order_ykr6AoGoYC5oOO,RCPT-2025-00259,8200,created,2025-04-29T09:24:00
order_ZV9BC0GDYIWPpT,RCPT-2025-00260,39000,paid,2025-04-29T09:04:00
order_9PODkb5UPXH3aP,RCPT-2025-00261,116900,paid,2025-04-29T07:23:00
order_ZVcNYuYKqcD1LQ,RCPT-2025-00262,16900,paid,2025-04-29T21:53:00
order_oFcoXCCqIejyEy,RCPT-2025-00263,1009400,paid,2025-04-29T12:13:00
order_hE6fjuZgFl5obQ,RCPT-2025-00264,23500,paid,2025-04-29T20:36:00
order_fHxPDcn0Dy0JGK,RCPT-2025-00265,59600,paid,2025-04-29T15:31:00
order_YlVNVOIYgFc5Y2,RCPT-2025-00266,10800,paid,2025-04-30T13:04:00
order_fyX6X0T8CzYHPo,RCPT-2025-00267,8100,paid,2025-04-30T22:13:00
order_Y6fET16o9QeEsH,RCPT-2025-00268,707900,paid,2025-04-30T13:41:00
order_XAjWXIXnKTz2Os,RCPT-2025-00269,489400,paid,2025-04-30T17:15:00
order_qf1t68WsxsKpIn,RCPT-2025-00270,312900,paid,2025-04-30T12:10:00
order_82LQ35Kh3Gk1SJ,RCPT-2025-00271,264200,paid,2025-04-30T22:35:00
order_zjNFSnRGzCxIxA,RCPT-2025-00272,1299800,paid,2025-04-30T22:42:00
order_VdwuOA5E4SiRgU,RCPT-2025-00273,227900,paid,2025-04-30T13:35:00
order_gsKq4MqypbNkuz,RCPT-2025-00274,690400,paid,2025-04-30T19:19:00
order_f2Pu9FBW5MPVQG,RCPT-2025-00275,65100,paid,2025-04-30T08:52:00
order_dL0wRC1I3rddx3,RCPT-2025-00276,11200,paid,2025-04-30T09:13:00
order_AjEBYxyIUk6nwW,RCPT-2025-00277,10800,paid,2025-05-01T15:19:00
order_VORE7OvTnFCAYa,RCPT-2025-00278,51800,paid,2025-05-01T09:15:00
order_SpE9lIdEcOn82v,RCPT-2025-00279,11700,paid,2025-05-01T13:24:00
order_M5vTAokU4NZdzX,RCPT-2025-00280,295100,paid,2025-05-01T12:44:00
order_WrWbvk7ha8XOG5,RCPT-2025-00281,278200,paid,2025-05-01T17:18:00
order_yxlF9H0h82pblC,RCPT-2025-00282,18700,paid,2025-05-01T07:36:00
order_pJiMDwi0D05Ad8,RCPT-2025-00283,2075100,paid,2025-05-01T17:59:00
order_pgTrwkXRd9ESuf,RCPT-2025-00284,40700,paid,2025-05-01T15:34:00
order_CcXFKT58TWB0ub,RCPT-2025-00285,360400,paid,2025-05-01T20:53:00
order_Lcg4sxMKhQ5UEe,RCPT-2025-00286,1445200,paid,2025-05-01T08:14:00
order_DomKBud7kcdfTx,RCPT-2025-00287,1849000,paid,2025-05-01T13:06:00
order_Nngh3ceffLHFYc,RCPT-2025-00288,8000,paid,2025-05-02T15:58:00
order_GDOBO41yeh1bvK,RCPT-2025-00289,39300,paid,2025-05-02T14:55:00
order_IGA0n7vF7KRqDB,RCPT-2025-00290,88700,paid,2025-05-02T13:11:00
order_lR6auIXwwXMXz4,RCPT-2025-00291,2267200,paid,2025-05-02T21:48:00
order_q7mHkUDEsAbOWx,RCPT-2025-00292,539600,paid,2025-05-02T21:10:00
order_UFpPC0swynNVhO,RCPT-2025-00293,51076,paid,2025-05-02T08:47:00
order_zzPorgOV6lB6sT,RCPT-2025-00294,8300,paid,2025-05-02T09:08:00
order_YFXlTJUc6dM7Cf,RCPT-2025-00295,2333400,paid,2025-05-02T19:33:00
order_H5xH8yMMbndExs,RCPT-2025-00296,307000,paid,2025-05-02T19:11:00
order_ILsHEogHVK3tsS,RCPT-2025-00297,250900,paid,2025-05-02T13:13:00
order_ojKbDzpBrZikTn,RCPT-2025-00298,326600,paid,2025-05-03T08:05:00
order_V3jbuyvaude39U,RCPT-2025-00299,212400,paid,2025-05-03T14:36:00
order_ug707g6lUZliMY,RCPT-2025-00300,22000,paid,2025-05-03T18:21:00
order_kY0yMCMvbB3Y1m,RCPT-2025-00301,824900,paid,2025-05-03T15:00:00
order_BtndyAd5SCvYLA,RCPT-2025-00302,13600,paid,2025-05-03T19:54:00
order_q6DafJr54ynpER,RCPT-2025-00303,2000200,paid,2025-05-03T06:21:00
order_O6CpAFj71wlVLL,RCPT-2025-00304,66700,paid,2025-05-03T17:15:00
order_puXD2RIdwPaWMn,RCPT-2025-00305,68900,paid,2025-05-03T06:27:00
order_hQVKi4gOsDmz1K,RCPT-2025-00306,265900,cancelled,2025-05-03T18:15:00
order_FEIwsT221ZwCER,RCPT-2025-00307,1524500,paid,2025-05-03T18:59:00
order_xtEMrKFPuo3eVo,RCPT-2025-00308,2604700,paid,2025-05-03T15:26:00
order_hjI9V852UANH1u,RCPT-2025-00309,512900,paid,2025-05-03T18:17:00
order_5lxNEUxBGfGdWL,RCPT-2025-00310,9000,paid,2025-05-03T12:18:00
order_FnQA5BJbbJY6ro,RCPT-2025-00311,60300,paid,2025-05-03T20:18:00
order_7G5DaJTfJLMxbP,RCPT-2025-00312,17200,paid,2025-05-03T08:57:00
order_PtDynDFZKeMlBQ,RCPT-2025-00313,1845200,paid,2025-05-04T10:55:00
order_lSaqpjuvvle1qw,RCPT-2025-00314,887900,paid,2025-05-04T13:31:00
order_PSK2gN3VhJOYkq,RCPT-2025-00315,12300,paid,2025-05-04T12:25:00
order_VEmnPbbxrsqBN0,RCPT-2025-00316,2371100,paid,2025-05-04T21:33:00
order_LW46CipLWIETor,RCPT-2025-00317,141000,paid,2025-05-04T20:00:00
order_7VDi8hsB5yVWyj,RCPT-2025-00318,220400,paid,2025-05-04T17:42:00
order_WxhY2VTPgSt4Jw,RCPT-2025-00319,692100,paid,2025-05-04T21:56:00
order_rnSfnwq0DYUAkr,RCPT-2025-00320,8700,paid,2025-05-04T10:49:00
order_Jxk0QOxu8BQkO1,RCPT-2025-00321,25200,paid,2025-05-05T06:39:00
order_qHVsBKV0MkNUOY,RCPT-2025-00322,10100,paid,2025-05-05T18:18:00
order_xaMjBcJo5wvF9c,RCPT-2025-00323,243000,paid,2025-05-05T10:05:00
order_uVest0KPI78rbM,RCPT-2025-00324,8600,paid,2025-05-05T08:49:00
order_wdFu1sYj2nXAyr,RCPT-2025-00325,43830,created,2025-05-05T21:31:00
order_UY5vSL9tY6uKoa,RCPT-2025-00326,301900,paid,2025-05-05T08:04:00
order_RQFsFbw8HII02O,RCPT-2025-00327,591100,paid,2025-05-05T08:09:00
order_xd7GAtHR3u2jeu,RCPT-2025-00328,1042100,paid,2025-05-05T08:56:00
order_xR126p5xM63Rj7,RCPT-2025-00329,826000,paid,2025-05-05T13:13:00
order_vT3umLsgNdpDGO,RCPT-2025-00330,392200,paid,2025-05-06T07:04:00
order_HEWsWO4oNqrDiB,RCPT-2025-00331,29652,paid,2025-05-06T10:34:00
order_9nER1sWlDFtd7i,RCPT-2025-00332,361400,paid,2025-05-06T21:13:00
order_0rxwUXDlilJ3YW,RCPT-2025-00333,496475,paid,2025-05-06T14:03:00
order_TDfeVeHtZXvTaM,RCPT-2025-00334,1764400,paid,2025-05-06T07:22:00
order_bRzNe1CbIb90Pd,RCPT-2025-00335,1862100,paid,2025-05-06T19:34:00
order_JzvfCZ4BjYESfB,RCPT-2025-00336,35000,paid,2025-05-06T13:55:00
order_9Qk87WQ28EVS5l,RCPT-2025-00337,23200,paid,2025-05-06T21:08:00
order_luxTuqoFZSnCDH,RCPT-2025-00338,51200,paid,2025-05-06T13:07:00
order_3yXq65N59TzRQO,RCPT-2025-00339,57400,paid,2025-05-06T09:42:00
order_hTCP2L63iCrXMj,RCPT-2025-00340,95800,paid,2025-05-07T07:50:00
order_ONVhrL8J2CqthQ,RCPT-2025-00341,547600,paid,2025-05-07T07:46:00
order_zyWhXGbnF3bKgh,RCPT-2025-00342,1239000,paid,2025-05-07T15:20:00
order_cKACvTIrCI9vw4,RCPT-2025-00343,414475,paid,2025-05-07T06:07:00
order_2MBF2G404VKs8W,RCPT-2025-00344,8500,paid,2025-05-07T13:24:00
order_EAgx0a9HfZwatV,RCPT-2025-00345,19000,cancelled,2025-05-07T20:14:00
order_uzSR6LH1sGoVpB,RCPT-2025-00346,15204,paid,2025-05-07T15:01:00
order_qNV4ls5hpZvNrO,RCPT-2025-00347,10200,paid,2025-05-07T13:40:00
order_xmASSFWVFhAdwr,RCPT-2025-00348,120600,paid,2025-05-07T15:29:00
order_jzWmSe9U6onXWc,RCPT-2025-00349,137700,paid,2025-05-08T09:06:00
order_XpJEbuOci1gvKW,RCPT-2025-00350,827700,paid,2025-05-08T18:36:00
order_fGk8uWeIwOK2JO,RCPT-2025-00351,14700,paid,2025-05-08T20:49:00
order_CT0dnHUnJlY7SE,RCPT-2025-00352,2576900,paid,2025-05-08T10:22:00
order_HcL7HnWlJlMbl9,RCPT-2025-00353,52000,paid,2025-05-08T22:49:00
order_sKdkUDnpnzau7X,RCPT-2025-00354,1460700,paid,2025-05-08T16:29:00
order_0UWLMvu3VWA3Ou,RCPT-2025-00355,11000,paid,2025-05-08T22:54:00
order_Gfuzbs3PylFW1W,RCPT-2025-00356,373700,paid,2025-05-08T20:44:00
order_sxgr9hySxHH9oi,RCPT-2025-00357,556017,paid,2025-05-08T11:06:00
order_zqoR8Id6KgMA1J,RCPT-2025-00358,23900,cancelled,2025-05-08T14:51:00
order_FvlAZev1712exX,RCPT-2025-00359,157100,paid,2025-05-08T08:20:00
order_gl3RoZWZUYrhpH,RCPT-2025-00360,1079684,paid,2025-05-08T19:44:00
order_kg1awJrQZRLlmB,RCPT-2025-00361,119800,paid,2025-05-09T21:14:00
order_AnU5ultZtFegXN,RCPT-2025-00362,62400,paid,2025-05-09T14:47:00
order_wgj6FVlKDxwL6Z,RCPT-2025-00363,40700,paid,2025-05-09T10:29:00
order_bhWb103O2FMTnt,RCPT-2025-00364,1108300,paid,2025-05-09T15:56:00
order_pUUaW2H0UEtoG2,RCPT-2025-00365,476400,paid,2025-05-09T10:31:00
order_GNQKXosd3vC2Lo,RCPT-2025-00366,567900,paid,2025-05-09T19:34:00
order_nsLWCoQdh4W68L,RCPT-2025-00367,21700,paid,2025-05-09T17:03:00
order_Rwy0o4BDFvjqkK,RCPT-2025-00368,1117500,paid,2025-05-09T09:25:00
order_JcCqQEbHP06htM,RCPT-2025-00369,14400,created,2025-05-09T06:51:00
order_GM0MOspoLnCxF3,RCPT-2025-00370,622200,paid,2025-05-09T15:17:00
order_VxdvTPbSedpDT0,RCPT-2025-00371,43700,paid,2025-05-10T18:18:00
order_gKXQ9aXNkb2khR,RCPT-2025-00372,73600,paid,2025-05-10T21:50:00
order_rQiNsLzuRWnzu8,RCPT-2025-00373,27600,paid,2025-05-10T10:09:00
order_XRM1IVRHv4Lzwn,RCPT-2025-00374,688800,paid,2025-05-10T21:17:00
order_qnYIc3G7rEUN8e,RCPT-2025-00375,866100,paid,2025-05-10T19:19:00
order_BsoGP6A7YnaQOx,RCPT-2025-00376,10200,paid,2025-05-10T11:26:00
order_rddA4z8kvThaIv,RCPT-2025-00377,707200,created,2025-05-10T14:48:00
order_PPI8aJVVVRsHok,RCPT-2025-00378,2458982,paid,2025-05-10T09:21:00
order_ir6zaCubJbXHIT,RCPT-2025-00379,27000,paid,2025-05-10T15:50:00
order_qtlhzUZIXxvg0a,RCPT-2025-00380,41300,paid,2025-05-10T08:24:00
order_7MiSl7MybIPxd4,RCPT-2025-00381,9100,paid,2025-05-10T09:02:00
order_7CbXZt9EsrffMb,RCPT-2025-00382,37686,paid,2025-05-10T06:56:00
order_M09HFjRflDwAtH,RCPT-2025-00383,35500,paid,2025-05-10T18:08:00
order_bJhZ2daCnU0aIO,RCPT-2025-00384,22730,paid,2025-05-10T13:19:00
order_jMmBZIGRJdwSqR,RCPT-2025-00385,14000,paid,2025-05-10T21:35:00
order_LZdZITi24TKvC4,RCPT-2025-00386,1074200,cancelled,2025-05-10T07:36:00
order_pWgTxChTXVmE23,RCPT-2025-00387,2288100,paid,2025-05-11T17:24:00
order_UHtA1vZzMbY1jZ,RCPT-2025-00388,1168300,paid,2025-05-11T13:30:00
order_2rrvioPmgpPWiq,RCPT-2025-00389,37200,paid,2025-05-11T16:29:00
order_Bkcg372myLQgZ5,RCPT-2025-00390,1165900,paid,2025-05-11T08:24:00
order_snJYn32k1CFkRb,RCPT-2025-00391,106463,paid,2025-05-11T15:16:00
order_E3dC5ELJ3lF1Fr,RCPT-2025-00392,37600,paid,2025-05-11T19:59:00
order_94hpggcSCMDHq3,RCPT-2025-00393,66600,paid,2025-05-11T10:28:00
order_a6mtFw48tpWic0,RCPT-2025-00394,2950000,cancelled,2025-05-11T19:11:00
order_CaAapTgQKak9lV,RCPT-2025-00395,1938900,paid,2025-05-12T20:51:00
order_JTgfCMH3pchE0a,RCPT-2025-00396,20800,paid,2025-05-12T22:00:00
order_RBfdWCiH73KUx3,RCPT-2025-00397,8800,paid,2025-05-12T09:53:00
order_Ua5hRspDCD7swk,RCPT-2025-00398,188600,paid,2025-05-12T09:18:00
order_cjJCj2MaXtNClK,RCPT-2025-00399,138300,created,2025-05-12T18:51:00
order_WGJB1hADZ0uyyM,RCPT-2025-00400,79627,paid,2025-05-12T06:25:00
order_gnzXXaTzvhmypB,RCPT-2025-00401,1118736,paid,2025-05-12T16:33:00
order_wGO6l5Oe5fAzn2,RCPT-2025-00402,2207800,paid,2025-05-12T13:48:00
order_fsHEtcHCj4Wih9,RCPT-2025-00403,113200,paid,2025-05-12T13:15:00
order_zOOlDxLMaDH0wv,RCPT-2025-00404,67600,paid,2025-05-12T22:34:00
order_uD4FTNbAFR4c9O,RCPT-2025-00405,859100,created,2025-05-13T18:26:00
order_vofkAhCMuxVVfG,RCPT-2025-00406,16400,paid,2025-05-13T10:34:00
order_j1WZ9yAoGxzf7W,RCPT-2025-00407,14400,paid,2025-05-13T20:46:00
order_IEcI9iyKifUJof,RCPT-2025-00408,67700,paid,2025-05-13T07:04:00
order_VLh2UyzdsKy2Bi,RCPT-2025-00409,280300,paid,2025-05-13T21:50:00
order_xc2ciRHKL0M9IZ,RCPT-2025-00410,2882013,paid,2025-05-13T19:42:00
order_xsQFnWcGO5L7yj,RCPT-2025-00411,14500,paid,2025-05-13T13:30:00
order_UBpyMl4tgMNUnd,RCPT-2025-00412,93100,paid,2025-05-13T14:32:00
order_MNSuVLvKMYOvCE,RCPT-2025-00413,22600,paid,2025-05-13T08:30:00
order_dSw4wOxbSbwO9U,RCPT-2025-00414,49500,paid,2025-05-14T18:07:00
order_ZkDQmN0o3HKQBO,RCPT-2025-00415,110600,paid,2025-05-14T14:32:00
order_jLOBRr876oEmZf,RCPT-2025-00416,125400,paid,2025-05-14T15:52:00
order_wbEmSu91fv9GIH,RCPT-2025-00417,59700,paid,2025-05-14T22:39:00
order_2AFY2f4GP9qdMa,RCPT-2025-00418,1017079,paid,2025-05-14T15:48:00
order_0YdNJVCxCeGIOt,RCPT-2025-00419,79300,paid,2025-05-14T12:41:00
order_8fUCsNngyV7BvX,RCPT-2025-00420,20300,paid,2025-05-14T07:27:00
order_pKGh3QHqYA9RM4,RCPT-2025-00421,549000,cancelled,2025-05-14T06:26:00
order_eZmZfKr9pl9JQ7,RCPT-2025-00422,469800,paid,2025-05-14T10:31:00
order_pEMQ3WG2WCVPUX,RCPT-2025-00423,33100,paid,2025-05-14T16:08:00
order_SoKHwxKOhGh66l,RCPT-2025-00424,419400,paid,2025-05-15T22:51:00
order_8uohY3zkhLGeAS,RCPT-2025-00425,53500,paid,2025-05-15T11:35:00
order_wcEHz3qj6OefFe,RCPT-2025-00426,590600,paid,2025-05-15T19:54:00
order_grHjUi9IWjJNAR,RCPT-2025-00427,168900,paid,2025-05-15T15:43:00
order_8CfM8GiG5Q19bw,RCPT-2025-00428,1880400,paid,2025-05-15T10:56:00
order_VE4cNipsVtal3I,RCPT-2025-00429,38400,paid,2025-05-15T12:05:00
order_wGsUZAv07TCy8c,RCPT-2025-00430,36200,paid,2025-05-15T16:01:00
order_NzgITQfFoDucbE,RCPT-2025-00431,97900,paid,2025-05-15T16:47:00
order_eCNAwF0koKAU87,RCPT-2025-00432,10200,paid,2025-05-15T16:40:00
order_LmY1H1oIwaKKzB,RCPT-2025-00433,87900,paid,2025-05-15T12:51:00
order_Sn9LtMYGofd9V0,RCPT-2025-00434,212500,paid,2025-05-15T11:01:00
order_Stl8XKBngSdVfL,RCPT-2025-00435,1407900,paid,2025-05-16T20:54:00
order_6bD7pi0ujphTrs,RCPT-2025-00436,1242900,paid,2025-05-16T20:30:00
order_WVDJbQuWIELOtn,RCPT-2025-00437,24800,paid,2025-05-16T17:47:00
order_SbsFtB7JHfSzPE,RCPT-2025-00438,249800,paid,2025-05-16T17:23:00
order_m9YVhitALkbc4V,RCPT-2025-00439,18900,paid,2025-05-16T13:25:00
order_uKPdhewoSq99eT,RCPT-2025-00440,13300,paid,2025-05-16T19:49:00
order_iw7i1T7oV6fceG,RCPT-2025-00441,10800,paid,2025-05-16T16:57:00
order_Jx0LE02Govs2TZ,RCPT-2025-00442,55200,paid,2025-05-16T10:47:00
order_WV1lX5UAJ1RSJi,RCPT-2025-00443,426700,paid,2025-05-16T17:58:00
order_fwT86ymC9JzgzH,RCPT-2025-00444,53284,paid,2025-05-16T08:23:00
order_J3XZfZzkUVVsP7,RCPT-2025-00445,2346900,paid,2025-05-16T19:17:00
order_5fhEulmlIzxRKJ,RCPT-2025-00446,147400,created,2025-05-16T09:42:00
order_q7IbpxilZLCapn,RCPT-2025-00447,13600,paid,2025-05-16T11:40:00
order_1in6rr9ooHV3T0,RCPT-2025-00448,387327,paid,2025-05-16T14:15:00
order_78wb8Ft4NSe3wH,RCPT-2025-00449,526100,paid,2025-05-17T17:08:00
order_NXWIAVZkRHDlTR,RCPT-2025-00450,1189400,paid,2025-05-17T21:13:00
order_FtERFqN6uxeVaX,RCPT-2025-00451,720200,paid,2025-05-17T19:47:00
order_yP8ZEK5vo8KAUh,RCPT-2025-00452,165559,paid,2025-05-17T08:47:00
order_6pk1a9DmRSctqO,RCPT-2025-00453,22600,paid,2025-05-17T06:30:00
order_uFIQwBEDRHeHQb,RCPT-2025-00454,1163600,paid,2025-05-17T14:53:00
order_203IZ357zEQweo,RCPT-2025-00455,168700,paid,2025-05-17T08:55:00
order_vGONQdOQUHqFNM,RCPT-2025-00456,605431,paid,2025-05-17T20:42:00
order_CRCF5VQpBEo4O6,RCPT-2025-00457,208500,paid,2025-05-17T09:40:00
order_v1hTQD2ro05Aua,RCPT-2025-00458,832400,paid,2025-05-17T19:52:00
order_u8RAvQUtc7469e,RCPT-2025-00459,51100,paid,2025-05-17T17:11:00
order_cQimy4XZRDaCNF,RCPT-2025-00460,9900,paid,2025-05-17T18:13:00
order_DVsqw0gy46orcW,RCPT-2025-00461,1505800,paid,2025-05-17T11:43:00
order_NuGHCEmIcRBwVU,RCPT-2025-00462,1475900,paid,2025-05-18T19:14:00
order_oUbN5X2xrrTsDb,RCPT-2025-00463,13900,paid,2025-05-18T21:55:00
order_QBkzZ6stCXFDPR,RCPT-2025-00464,986200,paid,2025-05-18T18:01:00
order_zfu5zpVyAx65NI,RCPT-2025-00465,26500,paid,2025-05-18T07:18:00
order_VSy6jG8WeNDzlP,RCPT-2025-00466,28300,paid,2025-05-18T22:07:00
order_Z4u5dqFlzumDv9,RCPT-2025-00467,191300,paid,2025-05-18T17:21:00
order_KpgHzEYyEAXNCm,RCPT-2025-00468,2285380,paid,2025-05-19T15:53:00
order_GbqePgSfNJB6JC,RCPT-2025-00469,920500,paid,2025-05-19T22:42:00
order_oxN5oki6bY0ZxI,RCPT-2025-00470,72300,paid,2025-05-19T12:37:00
order_wI91spxrkL7Dap,RCPT-2025-00471,76300,paid,2025-05-19T06:28:00
order_FHVfq0KA2i0qkW,RCPT-2025-00472,1773500,paid,2025-05-19T20:07:00
order_PvgyDFmMVcuzKH,RCPT-2025-00473,26709,paid,2025-05-19T06:26:00
order_R5dwsDl5jzS07d,RCPT-2025-00474,1438400,paid,2025-05-19T10:06:00
order_ZxUm1IiorrBaEd,RCPT-2025-00475,45100,paid,2025-05-19T17:18:00
order_OT827E4ZLV1yb6,RCPT-2025-00476,26400,paid,2025-05-19T12:34:00
order_07evsf0g8deUPP,RCPT-2025-00477,102400,paid,2025-05-19T18:04:00
order_li9ZURyguLoYa1,RCPT-2025-00478,28426,paid,2025-05-19T19:22:00
order_Sbl7X2nC3rXFlY,RCPT-2025-00479,-4088218,paid,2025-05-19T22:45:00
order_2SyXga4cSah21B,RCPT-2025-00480,27400,paid,2025-05-20T16:21:00
order_S69gcpay2ghS2Z,RCPT-2025-00481,76800,paid,2025-05-20T15:51:00
order_7GpKemCPXObefo,RCPT-2025-00482,1632500,paid,2025-05-20T20:11:00
order_dRbp0gxHWD0mJq,RCPT-2025-00483,15300,created,2025-05-20T09:38:00
order_TbBfrRlze6CirK,RCPT-2025-00484,74700,paid,2025-05-20T09:20:00
order_NdG0mjcPjmGPPc,RCPT-2025-00485,159657,paid,2025-05-20T17:29:00
order_lO0yUyVbpIP5M3,RCPT-2025-00486,39800,paid,2025-05-20T21:55:00
order_e2KRC1YVvm0iLb,RCPT-2025-00487,117800,paid,2025-05-20T10:42:00
order_QX2f4YxL5Aav1T,RCPT-2025-00488,53200,paid,2025-05-21T14:52:00
order_LIzFnRQ3SH3SN6,RCPT-2025-00489,2761891,paid,2025-05-21T08:06:00
order_beRYDbig0sa0mB,RCPT-2025-00490,335000,paid,2025-05-21T21:49:00
order_pdmFHbVeg8QOJT,RCPT-2025-00491,1806400,paid,2025-05-21T15:22:00
order_PGNeAGzHo7tQiw,RCPT-2025-00492,201400,paid,2025-05-21T22:53:00
order_uzfOUC0knwNRhW,RCPT-2025-00493,22300,paid,2025-05-21T19:23:00
order_QiW5G25WGgp3Ay,RCPT-2025-00494,1720300,paid,2025-05-21T21:43:00
order_ZUem0FAYzQ0Ssy,RCPT-2025-00495,19700,paid,2025-05-21T17:22:00
order_LkOAuRVeyqJy1r,RCPT-2025-00496,1952100,paid,2025-05-21T14:17:00
order_CEJuZu6QVXr5Gu,RCPT-2025-00497,534500,paid,2025-05-21T20:34:00
order_e60ed40BkPgh6g,RCPT-2025-00498,48800,paid,2025-05-22T10:37:00
order_JLTIRkY5UCXvqu,RCPT-2025-00499,1443500,paid,2025-05-22T16:13:00
order_3oNIGm8WoqDV63,RCPT-2025-00500,831300,paid,2025-05-22T15:02:00
order_8oVVpMONXVaSay,RCPT-2025-00501,46500,paid,2025-05-22T20:32:00
order_pciaghHRT8pGf3,RCPT-2025-00502,8400,paid,2025-05-22T09:31:00
order_65aLynMlteovLe,RCPT-2025-00503,85100,paid,2025-05-22T11:35:00
order_GKllQTjV8VclNk,RCPT-2025-00504,147514,paid,2025-05-22T22:49:00
order_pPrTBCDBpK8dFs,RCPT-2025-00505,45500,paid,2025-05-22T18:10:00
order_1vNRByLU3I3zzd,RCPT-2025-00506,2153200,paid,2025-05-22T19:20:00
order_AuITVN5vzxihLt,RCPT-2025-00507,676100,paid,2025-05-23T12:53:00
order_vXTcgrPzYRCt0g,RCPT-2025-00508,1584500,paid,2025-05-23T19:06:00
order_xd0HzC7C8x1LXU,RCPT-2025-00509,208200,paid,2025-05-23T12:09:00
order_iIuMOq5LqpQBDP,RCPT-2025-00510,171800,paid,2025-05-23T11:41:00
order_1KgxdhXpPK2CwK,RCPT-2025-00511,265300,paid,2025-05-23T10:05:00
order_OG85jh5FmblvcS,RCPT-2025-00512,253600,paid,2025-05-23T17:30:00
order_Vlf2Ihl5hglpxE,RCPT-2025-00513,36000,paid,2025-05-23T07:00:00
order_SuY9Gb9FyHfIMi,RCPT-2025-00514,41529,paid,2025-05-23T10:02:00
order_mVoPcsNr6CUD8B,RCPT-2025-00515,84400,paid,2025-05-23T19:51:00
order_4JdjXcdsxrgf1l,RCPT-2025-00516,124700,paid,2025-05-23T06:55:00
order_5WQeCI0ytHWE67,RCPT-2025-00517,41000,paid,2025-05-24T13:58:00
order_S6bxesl8fUjL1Q,RCPT-2025-00518,1492800,paid,2025-05-24T10:25:00
order_9Q8v4pYyRXgp2K,RCPT-2025-00519,12000,paid,2025-05-24T17:26:00
order_gg42iEpMfU1ym9,RCPT-2025-00520,29600,paid,2025-05-24T14:34:00
order_uc3Y051ZDDN89Y,RCPT-2025-00521,14200,paid,2025-05-24T20:59:00
order_LWVZmRrKL4Rrqo,RCPT-2025-00522,26200,paid,2025-05-24T07:07:00
order_PhbZIapIS11wWR,RCPT-2025-00523,127700,paid,2025-05-24T14:08:00
order_DafszWrfhsiOte,RCPT-2025-00524,23200,paid,2025-05-24T13:27:00
order_goiU9Iibnu05kD,RCPT-2025-00525,39600,paid,2025-05-24T19:17:00
order_7062Y8u6ZaligO,RCPT-2025-00526,146700,paid,2025-05-24T14:05:00
order_Ldb92iJxwu1YYW,RCPT-2025-00527,690900,paid,2025-05-24T20:14:00
order_NdZKlITVW3ymyK,RCPT-2025-00528,20300,paid,2025-05-24T08:37:00
order_o1Quwa5132NBAG,RCPT-2025-00529,1812500,paid,2025-05-24T08:47:00
order_mwjZRc1UYqLqcD,RCPT-2025-00530,951800,paid,2025-05-25T19:34:00
order_lj3ekzVZleuIDC,RCPT-2025-00531,19600,paid,2025-05-25T18:19:00
order_5fTV12a0g1N1mr,RCPT-2025-00532,55500,paid,2025-05-25T11:48:00
order_jlaYM8j1AiEmbp,RCPT-2025-00533,1496400,created,2025-05-25T15:48:00
order_EFVZR3E4NoHw9f,RCPT-2025-00534,126400,paid,2025-05-25T13:31:00
order_WfBOxAEbtxLHFY,RCPT-2025-00535,17666,paid,2025-05-25T17:45:00
order_qK7HxdR5rW2XkO,RCPT-2025-00536,72200,paid,2025-05-26T07:19:00
order_wt4zjqoopTHDYn,RCPT-2025-00537,183456,paid,2025-05-26T22:55:00
order_9Ds7HzaJ1zRqj3,RCPT-2025-00538,26000,paid,2025-05-26T06:36:00
order_AX0DfwgU3Pkcqt,RCPT-2025-00539,37600,paid,2025-05-26T07:38:00
order_bnx3O3sdOgcY1b,RCPT-2025-00540,48468,paid,2025-05-26T21:46:00
order_WR23S2OdW69qyD,RCPT-2025-00541,33500,paid,2025-05-26T09:17:00
order_VJgfTQI4FRVTgk,RCPT-2025-00542,89600,paid,2025-05-26T08:53:00
order_23GuTVMpD1kTVN,RCPT-2025-00543,-200860,paid,2025-05-26T19:32:00
order_OTj84gVc65uoXu,RCPT-2025-00544,579100,paid,2025-05-27T14:58:00
order_rTbpjq15KFPNXA,RCPT-2025-00545,253117,paid,2025-05-27T10:40:00
order_7RITelkc5pF4k4,RCPT-2025-00546,318500,paid,2025-05-27T15:38:00
order_eVVtGgitFPE1pi,RCPT-2025-00547,350800,paid,2025-05-27T22:07:00
order_61qIWl4Vor1FPw,RCPT-2025-00548,27400,paid,2025-05-27T08:24:00
order_t4tiKMlZGgnNZs,RCPT-2025-00549,12400,paid,2025-05-27T22:52:00
order_60ilWgBJ3s8l6A,RCPT-2025-00550,401100,paid,2025-05-27T14:02:00
order_FjbHBBOoae80WM,RCPT-2025-00551,171500,paid,2025-05-27T12:04:00
order_qdcO0bCUqhMlgh,RCPT-2025-00552,114700,paid,2025-05-27T17:01:00
order_gEQ4FyZzOj2vXk,RCPT-2025-00553,234600,paid,2025-05-28T11:01:00
order_EZ1MuWMZY9Krdn,RCPT-2025-00554,90200,paid,2025-05-28T17:26:00
order_NTiTwpIRmGODqR,RCPT-2025-00555,2319900,paid,2025-05-28T06:08:00
order_lreMUGD5X6iEoe,RCPT-2025-00556,401500,paid,2025-05-28T13:06:00
order_MDn5cu51jDV5PT,RCPT-2025-00557,102100,paid,2025-05-28T20:47:00
order_uxkXPMM6F2GYtB,RCPT-2025-00558,139100,paid,2025-05-28T17:00:00
order_UnncJbd3J03LjU,RCPT-2025-00559,2357500,paid,2025-05-28T06:57:00
order_qWQkYbXhqWhz93,RCPT-2025-00560,412247,paid,2025-05-28T21:41:00
order_fxfmHeOBXYnEfQ,RCPT-2025-00561,447000,paid,2025-05-28T17:41:00
order_3vqCdVrjYQgB3s,RCPT-2025-00562,11000,cancelled,2025-05-29T19:35:00
order_7Xfic7BtSt6uGT,RCPT-2025-00563,8900,paid,2025-05-29T19:28:00
order_sQ8HzALkjU5trn,RCPT-2025-00564,750400,paid,2025-05-29T10:55:00
order_yfTwjOpKn4iGmW,RCPT-2025-00565,1297900,paid,2025-05-29T19:24:00
order_LZJdpzSoC9le8B,RCPT-2025-00566,2075700,paid,2025-05-29T17:12:00
order_HU58kxeA5OA9Iz,RCPT-2025-00567,40900,paid,2025-05-29T09:49:00
order_8oT79fhSXtDeNV,RCPT-2025-00568,376500,paid,2025-05-29T12:44:00
order_QeskwuTyisP6sQ,RCPT-2025-00569,14500,paid,2025-05-29T11:49:00
order_sMil2GDoWPue4P,RCPT-2025-00570,1213600,paid,2025-05-29T20:13:00
order_os11MWYOSwtRNc,RCPT-2025-00571,559400,paid,2025-05-29T16:22:00
order_dTcLrHwSIWQK34,RCPT-2025-00572,2752500,paid,2025-05-29T09:19:00
order_JXSwE7pKm78CfF,RCPT-2025-00573,75000,paid,2025-05-29T14:58:00
order_9iEA7hpEbOxzkg,RCPT-2025-00574,24500,paid,2025-05-29T18:26:00
order_6ymtFAfv2SJCfy,RCPT-2025-00575,88200,paid,2025-05-29T18:19:00
order_WkREX4CXOoblRF,RCPT-2025-00576,377800,paid,2025-05-29T08:07:00
order_cc9ehxgp7y8OAA,RCPT-2025-00577,1468507,paid,2025-05-30T20:39:00
order_GEgQPrCf0LM3Qi,RCPT-2025-00578,151900,paid,2025-05-30T09:43:00
order_TIWj6xSbsC3OkY,RCPT-2025-00579,26200,paid,2025-05-30T09:27:00
order_yKEiD7BdQCbhoe,RCPT-2025-00580,69334,paid,2025-05-30T21:56:00
order_dXVa1KOnVrTMrS,RCPT-2025-00581,8700,paid,2025-05-30T09:31:00
order_RKozVNtOgp6QP2,RCPT-2025-00582,1846700,paid,2025-05-30T16:54:00
order_cIuIwll1nv10EB,RCPT-2025-00583,472100,paid,2025-05-30T12:10:00
order_XdVUUmsa88xXKX,RCPT-2025-00584,474900,created,2025-05-30T07:09:00
order_S2lAXYfy5YuRsw,RCPT-2025-00585,24900,paid,2025-05-30T08:42:00
order_uOeyPDvkc52Gzw,RCPT-2025-00586,19500,paid,2025-05-30T20:40:00
order_HGOK4PJs7s3WPt,RCPT-2025-00587,109400,paid,2025-05-30T15:52:00
order_kBUMxiuQ9eJtz6,RCPT-2025-00588,10900,paid,2025-05-30T09:29:00
order_uvxWIxkRffkFqt,RCPT-2025-00589,28500,paid,2025-05-30T14:43:00
order_H7cwpUpxjCOpMH,RCPT-2025-00590,475800,paid,2025-05-30T21:00:00
order_qwdN5qYgPrJlPM,RCPT-2025-00591,169400,cancelled,2025-05-30T22:41:00
order_KvXjHLIQrT1mPw,RCPT-2025-00592,16575,paid,2025-05-31T07:12:00
order_cj2k7tQBMlAoqL,RCPT-2025-00593,196700,paid,2025-05-31T12:24:00
order_q15cTCcyo3LA29,RCPT-2025-00594,28000,paid,2025-05-31T08:55:00
order_h7qUcUWRxwXABs,RCPT-2025-00595,636600,paid,2025-05-31T07:45:00
order_ub6jNz6PQyM3Yq,RCPT-2025-00596,517000,paid,2025-05-31T13:09:00
order_Icpu1X20bL3Gt6,RCPT-2025-00597,29300,created,2025-05-31T21:01:00
order_kon0WljfrCY1jL,RCPT-2025-00598,96900,paid,2025-05-31T14:35:00
order_c14pLHve44EG55,RCPT-2025-00599,38500,paid,2025-05-31T12:07:00
order_A6QF74syXfpqt0,RCPT-2025-00600,639000,paid,2025-05-31T09:41:00
order_662UHC76em312j,RCPT-2025-00601,128677,paid,2025-05-31T21:07:00
order_Sr7SB1UDyJXtEJ,RCPT-2025-00602,16300,paid,2025-05-31T17:18:00
order_rvWHNo2CRq6pOI,RCPT-2025-00603,41500,paid,2025-05-31T10:56:00
order_5V71Cvmr8oqVv8,RCPT-2025-00604,556200,paid,2025-05-31T21:35:00
order_bNbDVI5gO0ZMD5,RCPT-2025-00605,1090400,paid,2025-05-31T19:50:00
order_L0avCq1jPGz1cG,RCPT-2025-00606,8500,paid,2025-05-31T21:10:00
order_a6efm6ETdQ8O6h,RCPT-2025-00607,240800,paid,2025-05-31T17:19:00
order_9oH59UAAqXtsIo,RCPT-2025-00608,17000,paid,2025-05-31T07:15:00
order_4Z1xjraiPL5Zuw,RCPT-2025-00609,141800,paid,2025-05-31T07:40:00
order_JSG1Io2MH516Hu,RCPT-2025-00610,206400,paid,2025-06-01T10:58:00
order_gg0vVmhDzkdR7m,RCPT-2025-00611,12300,paid,2025-06-01T10:39:00
order_LBl0ZozTSXbsGf,RCPT-2025-00612,301900,paid,2025-06-01T12:16:00
order_iWv36EVuCna5Ox,RCPT-2025-00613,1244172,paid,2025-06-01T20:44:00
order_UJ9uPQU5OgcH7j,RCPT-2025-00614,1212100,paid,2025-06-01T18:25:00
order_5tfNWPsqdo6Kag,RCPT-2025-00615,108500,paid,2025-06-01T19:49:00
order_uNr5DQ8HUQACM4,RCPT-2025-00616,1244700,paid,2025-06-02T14:55:00
order_tgc0Lk8Nm0dhb7,RCPT-2025-00617,51600,paid,2025-06-02T21:35:00
order_VtaXEdKAWuuCqz,RCPT-2025-00618,584400,paid,2025-06-02T08:34:00
order_8nQ8zULyObQbq2,RCPT-2025-00619,402300,paid,2025-06-02T21:36:00
order_nkLj8he7uatQPU,RCPT-2025-00620,145000,paid,2025-06-02T22:02:00
order_6nzpEbEAyfrziv,RCPT-2025-00621,25600,paid,2025-06-02T06:46:00
order_07O4igqp4Nqqsa,RCPT-2025-00622,1543000,paid,2025-06-02T21:19:00
order_ezE3Hci0KlWV7T,RCPT-2025-00623,247900,paid,2025-06-02T21:14:00
order_EvtcNLjpJrSmww,RCPT-2025-00624,1805900,paid,2025-06-02T21:17:00
order_d5gzeedgGBFroP,RCPT-2025-00625,1448128,paid,2025-06-03T18:45:00
order_Tdz8sV6HHchZk8,RCPT-2025-00626,2924100,created,2025-06-03T16:06:00
order_nSuSwxrsktZhF2,RCPT-2025-00627,17500,paid,2025-06-03T12:30:00
order_bu6ZoBKVVulYOx,RCPT-2025-00628,10600,paid,2025-06-03T18:09:00
order_XF6oNUOufO9UAx,RCPT-2025-00629,152900,created,2025-06-03T12:32:00
order_2h96WfVi2sQZuY,RCPT-2025-00630,357000,paid,2025-06-03T22:25:00
order_5HZcfE3v5CiLim,RCPT-2025-00631,539500,paid,2025-06-03T06:13:00
order_G7gBtYUQFrvLES,RCPT-2025-00632,13700,paid,2025-06-03T18:17:00
order_DInFG8mGgq3TQq,RCPT-2025-00633,2149300,cancelled,2025-06-03T18:31:00
order_aBKblFPzeAVrl1,RCPT-2025-00634,231100,paid,2025-06-03T15:11:00
order_KngX2rJ3EuqrJH,RCPT-2025-00635,1572400,paid,2025-06-03T14:33:00
order_1QeKskkuHKNUgO,RCPT-2025-00636,15300,paid,2025-06-04T16:04:00
order_pc7sWTmLJ1xAqS,RCPT-2025-00637,2596800,cancelled,2025-06-04T19:56:00
order_2IgcXFxTfEwOvk,RCPT-2025-00638,82457,paid,2025-06-04T21:40:00
order_Kwos2m7TxM0OMN,RCPT-2025-00639,51200,paid,2025-06-04T07:10:00
order_4oAhGvqvXkduJH,RCPT-2025-00640,1218500,paid,2025-06-04T07:41:00
order_ylFOv9tkz9BI49,RCPT-2025-00641,661600,paid,2025-06-04T11:14:00
order_V0z6mZ1OLXHDw5,RCPT-2025-00642,11800,paid,2025-06-04T11:56:00
order_6jXnzPQ5q88GVP,RCPT-2025-00643,2441600,paid,2025-06-04T18:56:00
order_bVvKUbpqozJBcG,RCPT-2025-00644,57900,paid,2025-06-05T10:37:00
order_5ZjDSBWLwvi3V1,RCPT-2025-00645,1929900,paid,2025-06-05T17:53:00
order_DpH7vno409w6D9,RCPT-2025-00646,727700,paid,2025-06-05T20:53:00
order_0KIPBCnMlMWcM2,RCPT-2025-00647,26800,paid,2025-06-05T11:11:00
order_6IyyJMo25ovUCd,RCPT-2025-00648,1183600,created,2025-06-05T09:49:00
order_k87yCHPXB86PJO,RCPT-2025-00649,8700,paid,2025-06-05T09:57:00
order_Np2AkddRariOcx,RCPT-2025-00650,488350,paid,2025-06-05T09:15:00
order_i3ezjV2e1Fpn8g,RCPT-2025-00651,17600,paid,2025-06-05T18:17:00
order_AekcXSDn6ZBGQy,RCPT-2025-00652,176500,paid,2025-06-05T16:34:00
order_LfsG11XCXatnn7,RCPT-2025-00653,185600,paid,2025-06-05T11:45:00
order_z75bYK2e67O9Z3,RCPT-2025-00654,27100,paid,2025-06-05T22:21:00
order_AIvBHXPTvFEAX6,RCPT-2025-00655,50964,paid,2025-06-06T21:14:00
order_AOzO8u6m8GAwOs,RCPT-2025-00656,1303000,paid,2025-06-06T15:42:00
order_MCiEOvA2NrCWAw,RCPT-2025-00657,43000,paid,2025-06-06T16:47:00
order_w0wQAYaB7FKwF5,RCPT-2025-00658,2464900,paid,2025-06-06T07:35:00
order_r0jQ09km4Qkzda,RCPT-2025-00659,2044000,paid,2025-06-06T10:50:00
order_gUFI83guAdZlhl,RCPT-2025-00660,26100,paid,2025-06-06T08:04:00
order_KDcMtkSV5KVpf1,RCPT-2025-00661,145537,paid,2025-06-06T17:32:00
order_DrA9uHv0YWegJw,RCPT-2025-00662,176000,paid,2025-06-06T18:49:00
order_hi0bHEvI2D7ZZw,RCPT-2025-00663,9391,paid,2025-06-06T21:22:00
order_4gDXe03hpVpxys,RCPT-2025-00664,78700,paid,2025-06-06T12:18:00
order_xkbYJDlRrL1NOl,RCPT-2025-00665,741979,paid,2025-06-06T09:13:00
order_HhlKpIOywKPSku,RCPT-2025-00666,2906800,paid,2025-06-07T14:24:00
order_Au3KX36bqJu172,RCPT-2025-00667,2315300,paid,2025-06-07T16:05:00
order_MlzBNlfmEHVTjx,RCPT-2025-00668,195500,paid,2025-06-07T18:06:00
order_GPogeFSG75GHX3,RCPT-2025-00669,138400,paid,2025-06-07T16:45:00
order_AnSW9sMY1wruif,RCPT-2025-00670,61000,paid,2025-06-07T17:27:00
order_ku5zetewsAuIEo,RCPT-2025-00671,46200,paid,2025-06-07T08:56:00
order_WvECQLZE4lFbc3,RCPT-2025-00672,289700,paid,2025-06-07T14:03:00
order_HopFe474IIhkXd,RCPT-2025-00673,679900,paid,2025-06-07T13:29:00
order_WethxaatGoNi6Z,RCPT-2025-00674,762700,paid,2025-06-07T19:39:00
order_C9eO2YyE23nXsM,RCPT-2025-00675,2009200,paid,2025-06-07T18:09:00
order_AIFtK1BUPe2DrY,RCPT-2025-00676,123611,paid,2025-06-07T19:05:00
order_va0QYK8Iv7X0L9,RCPT-2025-00677,71500,paid,2025-06-07T09:35:00
order_pQH5XahAl0X45g,RCPT-2025-00678,15400,paid,2025-06-07T18:33:00
order_DTgX2nOhfn2PxR,RCPT-2025-00679,949400,created,2025-06-07T06:33:00
order_sszHdeMEfCRORP,RCPT-2025-00680,19600,paid,2025-06-07T11:09:00
order_RqdbD7T0LR2kv4,RCPT-2025-00681,113500,paid,2025-06-07T21:59:00
order_wtQVe9TYYJnJ4v,RCPT-2025-00682,18200,paid,2025-06-08T17:03:00
order_idVo1aTeHUUF25,RCPT-2025-00683,153705,paid,2025-06-08T21:05:00
order_GH6z0PwMofDf8U,RCPT-2025-00684,616700,paid,2025-06-08T12:44:00
order_WtNH7h7w6ZZPMs,RCPT-2025-00685,2737700,paid,2025-06-08T21:18:00
order_6uGVp4HVflslry,RCPT-2025-00686,2918200,paid,2025-06-08T10:10:00
order_qmslfes6THHkd1,RCPT-2025-00687,269700,paid,2025-06-08T21:31:00
order_xzfrEL5ELHFplR,RCPT-2025-00688,926900,paid,2025-06-08T13:39:00
order_nEKBDggj2eF6OL,RCPT-2025-00689,37211,paid,2025-06-08T06:35:00
order_XnhMn1LFjzH5k7,RCPT-2025-00690,1140300,paid,2025-06-09T17:44:00
order_2ZPOZ1OSPPnfbO,RCPT-2025-00691,1868800,paid,2025-06-09T20:29:00
order_r1p99z2FWJad9R,RCPT-2025-00692,8167,paid,2025-06-09T10:00:00
order_lpECTK7jVdtID7,RCPT-2025-00693,165400,paid,2025-06-09T08:10:00
order_KCWutnoP7UuYcT,RCPT-2025-00694,124700,paid,2025-06-09T06:21:00
order_UshU2ax069XxVd,RCPT-2025-00695,24600,paid,2025-06-09T06:08:00
order_BGPIghlfX83b5z,RCPT-2025-00696,933500,paid,2025-06-09T20:01:00
order_DNtjj5AgDKlKXh,RCPT-2025-00697,2269000,paid,2025-06-09T19:52:00
order_ne9aamL2P2qyS0,RCPT-2025-00698,106300,created,2025-06-09T06:42:00
order_yJe3izWGmmBuGe,RCPT-2025-00699,161400,paid,2025-06-09T18:21:00
order_tCFK57NCmgui2V,RCPT-2025-00700,28914,paid,2025-06-09T12:22:00
order_yTCn3h7OQrVx4h,RCPT-2025-00701,538600,paid,2025-06-09T17:39:00
order_XSLnk9BRa0mPlA,RCPT-2025-00702,52400,paid,2025-06-10T16:16:00
order_uB4UktktzuhqNb,RCPT-2025-00703,44600,paid,2025-06-10T17:50:00
order_QfogVjn3I9gwe2,RCPT-2025-00704,303100,paid,2025-06-10T07:40:00
order_ZCaG8Os1SCZwXP,RCPT-2025-00705,196100,paid,2025-06-10T19:15:00
order_axeWoq69Kffs6J,RCPT-2025-00706,22600,paid,2025-06-10T17:19:00
order_MxuIKy0amrPCZG,RCPT-2025-00707,56600,paid,2025-06-10T09:31:00
order_NdXJfHizGXLv67,RCPT-2025-00708,10700,paid,2025-06-10T16:20:00
order_vSB1yi8xtIVwpP,RCPT-2025-00709,81200,paid,2025-06-10T20:26:00
order_7lIauXsx4isxUs,RCPT-2025-00710,294187,paid,2025-06-10T14:41:00
order_0sejC4RpHlqQGB,RCPT-2025-00711,58200,paid,2025-06-10T19:51:00
order_oWGLWqluiBXOyt,RCPT-2025-00712,526400,paid,2025-06-10T17:28:00
order_Fhc8CCShsW4P5k,RCPT-2025-00713,2831600,paid,2025-06-11T11:23:00
order_aCM0Xv4rOAVZf3,RCPT-2025-00714,31300,paid,2025-06-11T07:01:00
order_kescSniIQ3tinb,RCPT-2025-00715,44800,paid,2025-06-11T10:52:00
order_MX1pK6uYMTZc9B,RCPT-2025-00716,2442436,paid,2025-06-11T19:19:00
order_xIsAS0axXqUsaT,RCPT-2025-00717,445137,paid,2025-06-11T14:36:00
order_ITZ9MQgg2SE73m,RCPT-2025-00718,1970000,paid,2025-06-11T14:14:00
order_RhO87xPrUNu03t,RCPT-2025-00719,24700,paid,2025-06-11T10:08:00
order_kI4Bsxe4s78NkR,RCPT-2025-00720,34200,paid,2025-06-11T14:09:00
order_ZtYS8sUoRQdAJ2,RCPT-2025-00721,855200,paid,2025-06-11T09:28:00
order_qeY6Z7UX4kPhvo,RCPT-2025-00722,147600,paid,2025-06-11T21:05:00
order_IOJr7SmbP9fLzs,RCPT-2025-00723,1547200,paid,2025-06-11T15:28:00
order_lMky6jpjjXD5C8,RCPT-2025-00724,93700,paid,2025-06-12T10:53:00
order_h3CyFiAeIpRqGT,RCPT-2025-00725,34000,paid,2025-06-12T09:54:00
order_zAPbVwI5HIeezP,RCPT-2025-00726,17200,paid,2025-06-12T10:59:00
order_lAYE4T2J3mAxak,RCPT-2025-00727,798800,paid,2025-06-12T13:26:00
order_cYJ1HtqvYuQyVj,RCPT-2025-00728,13200,paid,2025-06-12T07:23:00
order_KxnEsSdiiCoSQj,RCPT-2025-00729,1322600,paid,2025-06-12T16:42:00
order_muIspAlvJbV0iH,RCPT-2025-00730,1176900,paid,2025-06-12T15:24:00
order_ftx9zCL2cfxX4E,RCPT-2025-00731,1279900,paid,2025-06-12T22:50:00
order_3gXyr3gpe1FCuk,RCPT-2025-00732,18400,paid,2025-06-12T18:10:00
order_IYrqDZvs9iGhYb,RCPT-2025-00733,2262100,paid,2025-06-13T11:40:00
order_46pTgaHt2IPkfZ,RCPT-2025-00734,429800,paid,2025-06-13T09:59:00
order_3YnvEOujVooHae,RCPT-2025-00735,13900,paid,2025-06-13T17:50:00
order_9okrxwlmhfZdQj,RCPT-2025-00736,33300,paid,2025-06-13T14:23:00
order_iqOdvFianEKDew,RCPT-2025-00737,325900,paid,2025-06-13T18:45:00
order_ILIRE94gFkCzSh,RCPT-2025-00738,50000,paid,2025-06-13T22:50:00
order_oaehqsGpgUxnXM,RCPT-2025-00739,88278,cancelled,2025-06-13T13:42:00
order_jqdrMwpfZHAtSW,RCPT-2025-00740,8700,paid,2025-06-13T09:29:00
order_VSczngADvqttXN,RCPT-2025-00741,12400,paid,2025-06-13T14:42:00
order_fk7yVLy0DiiBwP,RCPT-2025-00742,608700,paid,2025-06-13T15:23:00
order_CFYLQ2AX3nCA0B,RCPT-2025-00743,8300,paid,2025-06-13T07:02:00
order_kceLlLxZYy5fSJ,RCPT-2025-00744,27300,paid,2025-06-14T19:24:00
order_3jHwgSwDEC2GGx,RCPT-2025-00745,13991,paid,2025-06-14T19:15:00
order_gSp1dxpWP7XYc6,RCPT-2025-00746,57700,paid,2025-06-14T15:07:00
order_mJypj6RNm7BXfe,RCPT-2025-00747,79500,paid,2025-06-14T21:16:00
order_bFIb2ZN1CLyX8G,RCPT-2025-00748,50800,paid,2025-06-14T15:17:00
order_TLCopSdGe340iM,RCPT-2025-00749,1975500,paid,2025-06-14T17:45:00
order_7gyPbHi0Qdr38L,RCPT-2025-00750,24500,paid,2025-06-14T17:28:00
order_0I1DsvFiDe8JRR,RCPT-2025-00751,581500,paid,2025-06-14T09:32:00
order_9037u0IgWD8nAj,RCPT-2025-00752,232000,paid,2025-06-14T06:33:00
order_E2ukfMn21ulMYF,RCPT-2025-00753,39366,paid,2025-06-14T22:09:00
order_CIgVRxwLj9wu4J,RCPT-2025-00754,646300,created,2025-06-14T14:37:00
order_ndPKt6XvUljYfV,RCPT-2025-00755,35600,paid,2025-06-14T19:59:00
order_hBYcrXW3gVq8yC,RCPT-2025-00756,1303100,paid,2025-06-15T16:24:00
order_7j4D4SF8RklozB,RCPT-2025-00757,1228100,paid,2025-06-15T18:23:00
order_kwZVtFnNxPTyms,RCPT-2025-00758,47000,paid,2025-06-15T06:44:00
order_BKfMmzCGOC7ckh,RCPT-2025-00759,2216600,paid,2025-06-15T18:42:00
order_U8vCxes7T2BzhI,RCPT-2025-00760,129423,paid,2025-06-15T10:09:00
order_8ybfPAaghnE170,RCPT-2025-00761,8800,paid,2025-06-15T21:34:00
order_gyMVg6kd2hbX4d,RCPT-2025-00762,540000,paid,2025-06-15T20:52:00
order_JHJEH4arlXCIvf,RCPT-2025-00763,217600,paid,2025-06-15T14:34:00
order_KE2j2ZepZXgnQa,RCPT-2025-00764,205200,paid,2025-06-16T22:13:00
order_abt2eR5tq1T4xP,RCPT-2025-00765,27206,cancelled,2025-06-16T17:19:00
order_VMdYL0yKqsO5aE,RCPT-2025-00766,38100,paid,2025-06-16T19:13:00
order_MEwFVAnqtPok23,RCPT-2025-00767,70100,paid,2025-06-16T13:58:00
order_CQPzmbsJsAngTp,RCPT-2025-00768,8500,paid,2025-06-16T18:26:00
order_sEj8PxokU0asBM,RCPT-2025-00769,48800,paid,2025-06-16T12:10:00
order_nzGlCdc8geSKvc,RCPT-2025-00770,327200,paid,2025-06-16T09:39:00
order_4DPBBMPuBw0qVE,RCPT-2025-00771,23900,paid,2025-06-16T13:07:00
order_Q73PQbcTMEIfI6,RCPT-2025-00772,44900,paid,2025-06-16T13:15:00
order_0vXdjgC7vUvx82,RCPT-2025-00773,96300,paid,2025-06-16T11:46:00
order_B5AbQsPLykrAJs,RCPT-2025-00774,13800,paid,2025-06-17T19:03:00
order_yDCLv1ubyVWOxD,RCPT-2025-00775,267300,paid,2025-06-17T14:03:00
order_LNRYFMgyPIYapc,RCPT-2025-00776,57800,paid,2025-06-17T17:37:00
order_pCCrMEAOJNdQV6,RCPT-2025-00777,16579,paid,2025-06-17T21:12:00
order_RJqM53Pcx5Z5IM,RCPT-2025-00778,21300,paid,2025-06-17T11:01:00
order_OpCuUv0IDyJwHI,RCPT-2025-00779,84400,paid,2025-06-17T08:38:00
order_pTvlbcfPZKbB72,RCPT-2025-00780,165300,created,2025-06-17T07:48:00
order_aFaeJYm7gs65Q7,RCPT-2025-00781,12600,paid,2025-06-17T20:30:00
order_cLp9WAtgyz5J98,RCPT-2025-00782,973000,paid,2025-06-17T06:07:00
order_KyqOankcJbnQ3g,RCPT-2025-00783,36600,paid,2025-06-18T17:56:00
order_afmhDQD2kxuDWd,RCPT-2025-00784,27700,paid,2025-06-18T08:13:00
order_72G82kp6iyvreR,RCPT-2025-00785,1267200,paid,2025-06-18T17:26:00
order_omucIVB3UpaKdN,RCPT-2025-00786,24900,paid,2025-06-18T22:47:00
order_AkFuuwAy6kulvE,RCPT-2025-00787,479233,paid,2025-06-18T10:22:00
order_WEOs3gxI2oH9NZ,RCPT-2025-00788,903300,cancelled,2025-06-18T13:27:00
order_iIVYUWEJpEWZiX,RCPT-2025-00789,18600,paid,2025-06-18T07:49:00
order_qnFAlQ8piP3wPN,RCPT-2025-00790,1008700,paid,2025-06-18T20:55:00
order_uJAA65DluMUmIM,RCPT-2025-00791,20500,paid,2025-06-18T17:22:00
order_8UMBvtpBRYKyP0,RCPT-2025-00792,9100,paid,2025-06-18T10:09:00
order_w7otS4wzIj6KJK,RCPT-2025-00793,279570,paid,2025-06-19T15:11:00
order_FD3zAuVdmikXyf,RCPT-2025-00794,972600,paid,2025-06-19T18:48:00
order_G0JBtJTgOAs7cD,RCPT-2025-00795,10200,paid,2025-06-19T14:06:00
order_YX0b1ABWnXnSvp,RCPT-2025-00796,56200,paid,2025-06-19T13:02:00
order_6VZIaM7J8WbwrJ,RCPT-2025-00797,556300,paid,2025-06-19T14:05:00
order_W90EH9AVIDpBMv,RCPT-2025-00798,16300,paid,2025-06-19T17:58:00
order_MJhcBs4McZhGuD,RCPT-2025-00799,154200,paid,2025-06-19T08:45:00
order_ikGY2u0tYzjbp5,RCPT-2025-00800,210900,cancelled,2025-06-19T08:27:00
order_IaYpQKhbSzl5xv,RCPT-2025-00801,186000,paid,2025-06-19T18:42:00
order_kjTkeOeIUWtwaI,RCPT-2025-00802,14913,paid,2025-06-20T14:26:00
order_NP0ZZBPkgYBR6S,RCPT-2025-00803,162300,created,2025-06-20T21:11:00
order_KBelv7I0F6NTaV,RCPT-2025-00804,24000,paid,2025-06-20T13:37:00
order_F4V0TuvC5b0tcs,RCPT-2025-00805,8800,paid,2025-06-20T15:48:00
order_1oIaRVxnbfOv4T,RCPT-2025-00806,47900,paid,2025-06-20T21:45:00
order_gqImtad8qok5oR,RCPT-2025-00807,349300,paid,2025-06-20T22:22:00
order_bluAiRbjrcq17N,RCPT-2025-00808,1578900,paid,2025-06-20T14:04:00
order_SuZJijff2RvLcM,RCPT-2025-00809,177800,paid,2025-06-20T10:44:00
order_UmK0LpTjm7Dxiz,RCPT-2025-00810,1566200,paid,2025-06-20T16:40:00
order_InZPHIss0gvdC8,RCPT-2025-00811,104400,paid,2025-06-20T09:57:00
order_TVc7mTRdI4xeP7,RCPT-2025-00812,67700,paid,2025-06-21T22:28:00
order_pfX42iXwn2oZW6,RCPT-2025-00813,677700,paid,2025-06-21T21:12:00
order_zcMSA5w9OjLSoF,RCPT-2025-00814,550700,paid,2025-06-21T17:55:00
order_n9dHSmihmbR8I0,RCPT-2025-00815,18300,paid,2025-06-21T18:26:00
order_fTdBOOaZmH6s1S,RCPT-2025-00816,11600,paid,2025-06-21T07:40:00
order_QqgtsLmRMUMtxL,RCPT-2025-00817,352981,paid,2025-06-21T07:24:00
order_uyvjliNjFsX63c,RCPT-2025-00818,158452,paid,2025-06-21T10:13:00
order_y58axqbVfhx0VY,RCPT-2025-00819,615073,paid,2025-06-21T12:30:00
order_UQ6GsGqkXEjFga,RCPT-2025-00820,867500,paid,2025-06-21T20:45:00
order_ZFuinw9nRrBwHc,RCPT-2025-00821,555500,paid,2025-06-21T15:43:00
order_qnI3PwqXAYpq7x,RCPT-2025-00822,453300,paid,2025-06-21T09:55:00
order_ZYdmjWgDFjJiXk,RCPT-2025-00823,70700,paid,2025-06-21T17:01:00
order_iRllGWVgkCtOFJ,RCPT-2025-00824,289200,paid,2025-06-21T21:57:00
order_YUQv29vYOEUM9T,RCPT-2025-00825,2676692,paid,2025-06-22T06:45:00
order_PDjemMJz0apAKK,RCPT-2025-00826,464000,paid,2025-06-22T09:54:00
order_F7nMwMVjLSasTW,RCPT-2025-00827,243000,paid,2025-06-22T07:53:00
order_BNwDyDzH0HnU7g,RCPT-2025-00828,48900,paid,2025-06-22T20:14:00
order_3ZaFSRbMwhzMd0,RCPT-2025-00829,802400,paid,2025-06-22T16:20:00
order_WEPxJYasXr3XjI,RCPT-2025-00830,14700,paid,2025-06-22T21:49:00
order_kZYgqxx240j67p,RCPT-2025-00831,531800,paid,2025-06-23T06:29:00
order_7fzH6rmXnBEyl8,RCPT-2025-00832,2517417,paid,2025-06-23T14:17:00
order_YRVxFmIPpLQJAh,RCPT-2025-00833,50900,paid,2025-06-23T18:42:00
order_N9oSSHU6TEfS5x,RCPT-2025-00834,76300,paid,2025-06-23T11:45:00
order_ArDbYXv3d5WwZ2,RCPT-2025-00835,1134200,paid,2025-06-23T10:10:00
order_L2uM59LiZ4n5m2,RCPT-2025-00836,46431,paid,2025-06-23T13:42:00
order_4xZqQiaB8oS75t,RCPT-2025-00837,220900,paid,2025-06-23T22:12:00
order_0VdHc6uyvo3mCf,RCPT-2025-00838,1310300,paid,2025-06-23T09:03:00
order_3Cti7bavDr2uEz,RCPT-2025-00839,387700,paid,2025-06-23T17:49:00
order_klCBqTYB510M5A,RCPT-2025-00840,22000,paid,2025-06-23T08:48:00
order_b9jwmlbWvhlouA,RCPT-2025-00841,97800,paid,2025-06-23T14:03:00
order_moi7FxoHBHH6ue,RCPT-2025-00842,143200,paid,2025-06-24T15:12:00
order_BANAXfGYu6cm30,RCPT-2025-00843,100200,paid,2025-06-24T22:54:00
order_OXaNKJwApGtN3l,RCPT-2025-00844,23300,paid,2025-06-24T08:45:00
order_EI8YOjSBF6PpuG,RCPT-2025-00845,128900,paid,2025-06-24T11:44:00
order_UhSP1vfhgAOWnT,RCPT-2025-00846,21135,paid,2025-06-24T15:36:00
order_hXd60GSjPT4BfV,RCPT-2025-00847,42400,paid,2025-06-24T09:28:00
order_wuzZbzPHM5VCP7,RCPT-2025-00848,1630200,paid,2025-06-24T09:37:00
order_0vdzTB4aTeaoPw,RCPT-2025-00849,24600,created,2025-06-24T16:08:00
order_cbXUFoxpZ3BB9b,RCPT-2025-00850,388500,paid,2025-06-24T21:49:00
order_1Ek20sRulqIMp8,RCPT-2025-00851,51900,paid,2025-06-24T07:02:00
order_7FH808UC4A6hTj,RCPT-2025-00852,23300,paid,2025-06-24T18:40:00
order_mGNdllxIejxMiQ,RCPT-2025-00853,144700,paid,2025-06-25T16:06:00
order_aDercerQ5tx9RD,RCPT-2025-00854,16200,cancelled,2025-06-25T17:26:00
order_HLq8lCu0AiqE46,RCPT-2025-00855,586800,paid,2025-06-25T11:34:00
order_wxEPQ75eJV9Vc4,RCPT-2025-00856,174800,paid,2025-06-25T19:29:00
order_mLRP5F6mHit2QT,RCPT-2025-00857,17900,paid,2025-06-25T08:33:00
order_uYVL7joObiNszI,RCPT-2025-00858,1460117,paid,2025-06-25T13:56:00
order_kywvtpHvVCi6Jd,RCPT-2025-00859,145200,paid,2025-06-25T16:03:00
order_XiR7R3HZa7OuDP,RCPT-2025-00860,11800,paid,2025-06-25T11:03:00
order_3MudktNw539F79,RCPT-2025-00861,-868099,paid,2025-06-25T12:09:00
order_TXK8ESc4UK9Jg6,RCPT-2025-00862,992300,paid,2025-06-25T14:19:00
order_zrFARiCgwDpt6L,RCPT-2025-00863,652500,paid,2025-06-25T14:15:00
order_3vr6hHi4LBDkaK,RCPT-2025-00864,1328000,paid,2025-06-26T14:48:00
order_o1SjIM2yBI9MZ7,RCPT-2025-00865,418100,paid,2025-06-26T07:50:00
order_VFCbcsUl6q65Se,RCPT-2025-00866,2786400,cancelled,2025-06-26T15:06:00
order_61hMuvbmWmWYCK,RCPT-2025-00867,223400,paid,2025-06-26T11:26:00
order_VDBn9WdwcyVrDr,RCPT-2025-00868,882200,paid,2025-06-26T16:22:00
order_LNcctbz21ZvhnI,RCPT-2025-00869,226396,paid,2025-06-26T10:34:00
order_o3HjbLOTKOsyao,RCPT-2025-00870,13476,paid,2025-06-26T17:16:00
order_kDu5iyDNi3yWr2,RCPT-2025-00871,45100,paid,2025-06-26T08:28:00
order_Zt8m8hwewjOcmh,RCPT-2025-00872,339600,created,2025-06-26T12:14:00
order_dTuX7x4kjWrCKB,RCPT-2025-00873,22600,paid,2025-06-26T17:50:00
order_ICge3S5VLVT00a,RCPT-2025-00874,208900,paid,2025-06-26T08:58:00
order_JWF1joZWL0kbBz,RCPT-2025-00875,149700,paid,2025-06-26T11:27:00
order_SJcsGKI1JNLyel,RCPT-2025-00876,2710000,paid,2025-06-26T21:13:00
order_X0YRRCWVirYZmT,RCPT-2025-00877,1163900,paid,2025-06-27T21:43:00
order_kfHaki5taX4eVs,RCPT-2025-00878,24577,paid,2025-06-27T07:17:00
order_HFPfyNcwsPyz1l,RCPT-2025-00879,844000,paid,2025-06-27T22:45:00
order_cohsmkzO9wBRPn,RCPT-2025-00880,838800,paid,2025-06-27T07:00:00
order_EpIiIrVKU7Xz8I,RCPT-2025-00881,74600,paid,2025-06-27T08:47:00
order_tyQkwWuUfo3NJ9,RCPT-2025-00882,65300,paid,2025-06-27T09:21:00
order_GW9eImoFX73QMO,RCPT-2025-00883,92400,paid,2025-06-27T06:08:00
order_wetNdH2ubhAAPI,RCPT-2025-00884,1648400,paid,2025-06-27T22:24:00
order_5oQSk3wHQJCoxL,RCPT-2025-00885,212500,paid,2025-06-27T14:39:00
order_DbASrwLljbXi6W,RCPT-2025-00886,846500,paid,2025-06-27T07:42:00
order_mxJ08BDqVsjCvL,RCPT-2025-00887,91888,paid,2025-06-27T18:12:00
order_fgl3zI8VmO3Qpj,RCPT-2025-00888,351700,paid,2025-06-27T06:16:00
order_GuUZjRblBmOMrj,RCPT-2025-00889,574000,paid,2025-06-27T20:05:00
order_BSYzMvRJ81ephE,RCPT-2025-00890,203200,paid,2025-06-28T20:46:00
order_KIRH9BEcEGjdx2,RCPT-2025-00891,9200,paid,2025-06-28T20:35:00
order_0f1Azq9e8rCFNw,RCPT-2025-00892,726300,paid,2025-06-28T22:55:00
order_1v6uEvPm45pfyJ,RCPT-2025-00893,2716600,paid,2025-06-28T11:56:00
order_HCeSfVEcpRmIcK,RCPT-2025-00894,44600,paid,2025-06-28T15:38:00
order_Bj2Er2dLQOwCp0,RCPT-2025-00895,45800,paid,2025-06-28T20:22:00
order_9CRTR1TVii3SzM,RCPT-2025-00896,16000,paid,2025-06-28T14:30:00
order_5CmWEBoTaA15dS,RCPT-2025-00897,18400,created,2025-06-28T06:17:00
order_Kf49U0IAzX1Re2,RCPT-2025-00898,1960200,paid,2025-06-28T09:05:00
order_WpEE0sT2cjNJAb,RCPT-2025-00899,232200,paid,2025-06-28T10:12:00
order_rJlyWOKSzLlfN3,RCPT-2025-00900,114200,paid,2025-06-28T20:54:00
order_w6DkVRwNksO3BS,RCPT-2025-00901,101200,paid,2025-06-28T14:42:00
order_7hBMUwBc51ymfm,RCPT-2025-00902,43291,paid,2025-06-28T18:38:00
order_VXtfdQbmmj4msh,RCPT-2025-00903,1558000,paid,2025-06-28T20:21:00
order_uIPqr35AcjS5if,RCPT-2025-00904,14709,paid,2025-06-28T11:13:00
order_Thpyoedww5nxoM,RCPT-2025-00905,595000,paid,2025-06-28T17:52:00
order_nUC3AsRscMqiRd,RCPT-2025-00906,17400,paid,2025-06-29T21:53:00
order_2qnX94N4GGPmSI,RCPT-2025-00907,12300,paid,2025-06-29T22:25:00
order_WeyOECVf8D8Ubl,RCPT-2025-00908,1989300,created,2025-06-29T17:56:00
order_dxvwURpTITCCrG,RCPT-2025-00909,2442100,paid,2025-06-29T12:10:00
order_ZsuU5TWqIPWLpB,RCPT-2025-00910,33100,paid,2025-06-29T14:45:00
order_V5IUaoQoUtiLNM,RCPT-2025-00911,1531318,paid,2025-06-29T17:46:00
order_8nmZGamzy3NQuo,RCPT-2025-00912,14400,paid,2025-06-29T16:18:00
order_HyjWxGqz2LbFdP,RCPT-2025-00913,10700,created,2025-06-29T09:03:00
order_011yDDw5aCaMyI,RCPT-2025-00914,149200,paid,2025-06-29T09:56:00
order_XTSkCumBNvnBF3,RCPT-2025-00915,420300,paid,2025-06-29T06:35:00
