payment_id,order_id,method,amount_paise,fee_paise,tax_paise,status,created_at,settlement_id
pay_qZQ0yBy0kbflb2,order_VLHJoU3oRH95id,upi,91847,276,50,captured,2025-04-01T12:52:39,setl_eaJX1ElpqQvKTV
pay_CcPzIAxohWJnxu,order_DGvYY9czelR3v4,upi,591300,1774,319,captured,2025-04-01T20:43:35,setl_eaJX1ElpqQvKTV
pay_UAgw4SmdIasy9s,order_DGvYY9czelR3v4,upi,591300,1774,319,captured,2025-04-01T20:51:35,setl_eaJX1ElpqQvKTV
pay_GlMktKORPeFOy5,order_fmTxuIjNw6yGAL,netbanking,618900,10521,1894,refunded,2025-04-01T15:01:01,
pay_PA9Vn6HsDIJd0w,order_yudhUielLWMS5G,upi,12500,38,7,captured,2025-04-01T07:38:50,setl_eaJX1ElpqQvKTV
pay_xM39IMrWsrshGN,order_CDFqKwjB3TgFVb,card,61700,1234,222,captured,2025-04-01T14:02:53,setl_0D7QcT3kWC3yLr
pay_kFKWjBJHHr6YwP,order_joTgn77LiCC5zZ,upi,29200,88,16,captured,2025-04-01T19:46:17,setl_eaJX1ElpqQvKTV
pay_m1fb28Yhnim6sZ,order_jhS5EhqFCukZUA,upi,2569700,7709,1388,captured,2025-04-01T08:01:04,setl_eaJX1ElpqQvKTV
pay_ii0TMNE4emdKz8,order_YsgpAQJis3OIfk,upi,1932100,5796,1043,captured,2025-04-01T11:41:10,setl_eaJX1ElpqQvKTV
pay_0DKPj7VerghwxF,order_PgA8VV7LUsQ6zT,upi,2392200,7177,1292,captured,2025-04-02T18:12:57,setl_PzzFBAStBu7hGu
pay_kHN8KdrFCSFxTB,order_Wav3Vt2I5eFCMr,card,28800,576,104,captured,2025-04-02T22:25:55,setl_PzzFBAStBu7hGu
pay_pv6X6ncgahZznq,order_l3CpGxzj7FULn5,card,2247994,44960,8093,captured,2025-04-02T12:07:55,setl_PzzFBAStBu7hGu
pay_noCCCTOtTgCkJq,order_shFKyPIkxAk9jq,wallet,2170580,43412,7814,captured,2025-04-02T13:12:55,setl_PzzFBAStBu7hGu
pay_eFcZWAQIKePZ6k,order_9xkwBCw2rZn0lo,upi,207600,623,112,refunded,2025-04-02T17:24:16,
pay_ZHBbdnu8uxQSIG,order_U1z5U4Uy4MCVn3,card,53500,1070,193,captured,2025-04-02T12:30:26,setl_PzzFBAStBu7hGu
pay_r5Ts1FiCREFKnc,order_xKHEHcBsQw4oKR,upi,2570000,7710,1388,captured,2025-04-02T11:48:49,setl_PzzFBAStBu7hGu
pay_fizqc4q9ebYIU8,order_atKGC0Y24MNyTM,card,2362600,47252,8505,captured,2025-04-02T19:10:35,setl_PzzFBAStBu7hGu
pay_tP6147AMCOVVv9,order_5jCbLQJzWtpU8R,upi,14200,43,8,captured,2025-04-03T20:43:20,setl_fhWQo4Um9MuZJm
pay_9y3lwH1raAWllJ,order_sR1L6EBDXGsRMj,card,249400,4988,898,captured,2025-04-03T15:30:18,setl_fhWQo4Um9MuZJm
pay_ABeyrWDob2YFST,order_jTdo5tOKx6yKZt,wallet,18500,370,67,captured,2025-04-03T15:10:49,setl_fhWQo4Um9MuZJm
pay_582Lk2Rvu2H2lH,order_g4OoePVBdyLwrZ,card,698800,13976,2516,captured,2025-04-03T18:47:57,setl_fhWQo4Um9MuZJm
pay_JCeVQrwDtIEr9o,order_9QcCknoeJ4XaRK,card,656100,13122,2362,captured,2025-04-03T15:31:43,setl_fhWQo4Um9MuZJm
pay_VRNAsj260PGEDH,order_qf9uWBwAaKYlAF,upi,477800,1433,258,captured,2025-04-03T08:31:35,setl_fhWQo4Um9MuZJm
pay_XDA9B3D2UDjqb7,order_qf9uWBwAaKYlAF,upi,477800,1433,258,failed,2025-04-03T07:35:13,
pay_WXVPku13g4W0jN,order_76DfCURyMTyso7,upi,166300,499,90,captured,2025-04-03T09:43:31,setl_fhWQo4Um9MuZJm
pay_HvD45a0yy1CoRw,order_Sw16fdmNhdyJKG,upi,172600,518,93,captured,2025-04-03T20:37:14,setl_fhWQo4Um9MuZJm
pay_0rmbHeiOyZLdN8,order_IMTn1lQfObkzLT,upi,787400,2362,425,captured,2025-04-04T18:49:29,setl_SnClBzlpG4fOCM
pay_PQ2g8XXpj4kEbZ,order_8xM0mFn52mtNQu,upi,80700,242,44,captured,2025-04-04T09:00:12,setl_SnClBzlpG4fOCM
pay_YnISeEXEB3LI02,order_Gjasy2BmoGlnZQ,upi,208200,625,113,captured,2025-04-04T16:57:47,setl_SnClBzlpG4fOCM
pay_E83BsRhcwBO61z,order_VjhFVKW2XcIpNE,card,52500,1050,189,captured,2025-04-04T12:25:59,setl_f19thxprFFRmtn
pay_eqKT2GC0VusmcP,order_YMdcLPQd7SYDnB,upi,70100,210,38,captured,2025-04-04T08:29:38,setl_SnClBzlpG4fOCM
pay_8caOHWziVBeIo5,order_0Di0fFdruiYdL3,upi,1748300,5245,944,captured,2025-04-04T11:05:41,setl_SnClBzlpG4fOCM
pay_aE8S28qtFbex4s,order_NoFOcGrZhoFMUH,upi,310700,932,168,captured,2025-04-04T10:34:06,setl_SnClBzlpG4fOCM
pay_iXpRxdaFkD5yS7,order_MfAAxQElClobHH,upi,449186,1348,243,captured,2025-04-04T20:57:31,setl_SnClBzlpG4fOCM
pay_Ieezs2VxnfYRRC,order_wtdqerM36iphqK,upi,18400,55,10,captured,2025-04-04T09:09:42,setl_SnClBzlpG4fOCM
pay_orJQ7BOmtJHE6o,order_wtdqerM36iphqK,upi,18400,55,10,failed,2025-04-04T15:45:48,
pay_W85BB2ao9Q5yNm,order_HIfdBEjyN0BSUS,upi,116400,349,63,captured,2025-04-05T15:07:12,setl_QjRZnyUYkHJoNG
pay_kDEtoIqe0wNopy,order_ii6FVyy84WWUpQ,wallet,2154100,43082,7755,captured,2025-04-05T18:18:13,setl_QjRZnyUYkHJoNG
pay_9opyHC6C69ljkv,order_etqskkhfCpG1NV,upi,334900,1005,181,captured,2025-04-05T13:42:41,setl_QjRZnyUYkHJoNG
pay_FXek9beDwfauSb,order_ZJBWK55yhSapRw,card,2073200,41464,7464,captured,2025-04-05T09:35:24,setl_QjRZnyUYkHJoNG
pay_Bj7LtvLA5uh321,order_GUgbNe371XYEpt,card,22300,446,80,captured,2025-04-05T07:42:23,setl_QjRZnyUYkHJoNG
pay_7SNGKWrxtzjlHT,order_qjcFzUvfEwqq0o,card,108200,2164,390,captured,2025-04-05T19:31:57,setl_QjRZnyUYkHJoNG
pay_76iqStRW01pNFg,order_yzekwYUmubPpxj,upi,89300,268,48,captured,2025-04-05T07:18:27,setl_QjRZnyUYkHJoNG
pay_xiOCOoDpWYRGYH,order_7kfZGIxoVGTwtx,upi,74400,223,40,captured,2025-04-05T22:01:33,setl_QjRZnyUYkHJoNG
pay_JcKPYOPSCoriMh,order_kDBPNhbxlAUOeJ,upi,1527200,4582,825,captured,2025-04-05T20:24:07,setl_QjRZnyUYkHJoNG
pay_zDLN4XbeLVUD2G,order_6YIwl3ibGR7JlH,card,59200,1184,213,captured,2025-04-06T19:24:43,setl_XIfdcDLQk8EPyh
pay_Asf5wPj7fgRNwU,order_OBZ00L1iu8Tezl,upi,2125900,6378,1148,captured,2025-04-06T07:57:48,setl_HMcYAO4VYp3Xeo
pay_t7h2aKlh7EiERo,order_IJIILz2Fq1UUyk,upi,104200,313,56,captured,2025-04-06T11:34:27,setl_HMcYAO4VYp3Xeo
pay_JDM5ExiCHTwKqI,order_MnVvdqol8ri2pb,upi,107300,322,58,captured,2025-04-06T12:10:23,setl_HMcYAO4VYp3Xeo
pay_9jKtVvvEYDmmvu,order_SH19lu8GarpWnw,card,31100,622,112,captured,2025-04-06T19:49:51,setl_XIfdcDLQk8EPyh
pay_paoBxR6gA05tl9,order_ZRr7D2QYYKoUAd,upi,28700,86,15,captured,2025-04-07T10:40:38,setl_7cDJyw1X4e2DeI
pay_aGGUUTkPCyVgPt,order_R0rjd3htIfsKW0,netbanking,147700,2511,452,captured,2025-04-07T10:42:20,setl_7cDJyw1X4e2DeI
pay_Fuush4xWphbCRk,order_f4pRpQwhEv4KDx,upi,735500,2207,397,captured,2025-04-07T09:13:52,setl_7cDJyw1X4e2DeI
pay_wcqj2i3khqWD5u,order_kYIW9eQOwn6ori,card,9800,196,35,captured,2025-04-07T19:08:56,setl_7cDJyw1X4e2DeI
pay_5TLcJzAVkVwH3a,order_XrAlcSX5Bo9OnY,upi,2531400,7594,1367,captured,2025-04-07T21:59:49,setl_7cDJyw1X4e2DeI
pay_jB2XAKo5cvoRWh,order_CXmoNBXvKwMgLp,netbanking,79044,1344,242,captured,2025-04-07T19:48:05,setl_7cDJyw1X4e2DeI
pay_pgthKC6GgawruP,order_vbVOLwBZnEcUGL,upi,713400,2140,385,captured,2025-04-07T07:35:09,setl_7cDJyw1X4e2DeI
pay_c3uXF1B36USduj,order_BkfO7YtKA66Rm4,card,77900,1558,280,captured,2025-04-08T15:24:01,setl_kewZKQthcYxyI6
pay_KfApslbkQZ8K5E,order_dVBRIZSBtAohFY,card,423591,8472,1525,captured,2025-04-08T20:53:29,setl_kewZKQthcYxyI6
pay_CHHKtNCw2TG8Ve,order_9H7FMRcNqLdSNW,upi,674100,2022,364,captured,2025-04-08T14:25:59,setl_kewZKQthcYxyI6
pay_yix2lobi4uHiCT,order_3AtqkJBqDGfUro,upi,24800,74,13,captured,2025-04-08T16:31:53,setl_kewZKQthcYxyI6
pay_7RFeHtNmkIJM4b,order_1nFgKVvRfSC3Ac,wallet,195000,3900,702,captured,2025-04-08T10:40:20,setl_kewZKQthcYxyI6
pay_KmNpctUWX4m6ut,order_eluDEzshwgPGHa,wallet,11900,238,43,captured,2025-04-08T16:35:03,setl_kewZKQthcYxyI6
pay_woc10fgfpT7Nkf,order_Xk3xXrimRDKnAX,netbanking,8500,145,26,captured,2025-04-08T18:01:39,setl_kewZKQthcYxyI6
pay_SuXVMPG7lE3XpG,order_MH4v6wt8jTzRWU,card,1045081,20902,3762,captured,2025-04-09T09:21:17,setl_wYvH3Rg3TtnxHa
pay_nXC4tmEttRLO2H,order_b8u11RK60Fweq0,card,44900,898,162,captured,2025-04-09T12:58:49,setl_wYvH3Rg3TtnxHa
pay_Hu0glDY0pRyEn0,order_Q5qpIGVvm8xALp,upi,2764400,8293,1493,captured,2025-04-09T17:36:19,setl_wYvH3Rg3TtnxHa
pay_P1bg3zxwFK7Gpv,order_VNs8y4f9efMeTD,upi,397400,1192,215,captured,2025-04-09T08:23:01,setl_wYvH3Rg3TtnxHa
pay_LxMj9Vzpds450r,order_MPJBIUUMqt8S1X,upi,60500,182,33,captured,2025-04-09T19:55:34,setl_wYvH3Rg3TtnxHa
pay_TurD9gwnZHeDQx,order_iniLBRMYGiAWY0,upi,477484,1432,258,captured,2025-04-09T22:15:56,setl_wYvH3Rg3TtnxHa
pay_KIMU5DOsZaAGDM,order_HgKSUreAdqqGmc,upi,88900,267,48,captured,2025-04-09T21:06:28,setl_wYvH3Rg3TtnxHa
pay_Yj9nySVnt2T48N,order_pYRT6I7EJUsxTG,upi,2081400,6244,1124,captured,2025-04-09T22:11:57,setl_wYvH3Rg3TtnxHa
pay_PTSb8EsIBZ1x6x,order_SNa6S9qa6jH1N7,upi,187100,561,101,captured,2025-04-09T21:46:11,setl_wYvH3Rg3TtnxHa
pay_Dt4lpCIo3VJ4y9,order_YAyUswMtEbg3XT,netbanking,9300,158,28,captured,2025-04-09T11:48:05,setl_wYvH3Rg3TtnxHa
pay_dRUP6hD85ALEBz,order_Kx6FaV4eym8FAw,card,239300,4786,861,captured,2025-04-09T22:06:54,setl_wYvH3Rg3TtnxHa
pay_bCmiaDLQU8uylv,order_OQvMjcrmSKSWLI,upi,41421,124,22,captured,2025-04-10T10:20:16,setl_rmZRuf2IrjOaoz
pay_gqB5xsKImEim55,order_8bDhidA0KIOq93,upi,12700,38,7,captured,2025-04-10T07:31:09,setl_rmZRuf2IrjOaoz
pay_up1n9UXRlswNca,order_Sx70Tz6D0b9SgX,upi,392800,1178,212,captured,2025-04-10T22:15:45,setl_rmZRuf2IrjOaoz
pay_rHhV2PZhEpg2op,order_Sx70Tz6D0b9SgX,upi,392800,1178,212,failed,2025-04-10T12:40:05,
pay_t3immUWIplB2Sy,order_OUIIRLueB5XB1m,card,26500,530,95,captured,2025-04-10T13:42:41,setl_rmZRuf2IrjOaoz
pay_36mC2w3tKHJNnD,order_aiwBkplzmrSeDL,upi,2860500,8582,1545,captured,2025-04-10T17:12:28,setl_rmZRuf2IrjOaoz
pay_DreOHf46jEGW3C,order_njw2cYTMjEcVAa,card,1296000,25920,4666,captured,2025-04-10T14:24:31,setl_rmZRuf2IrjOaoz
pay_wfx8WCZosnTw8N,order_9BgZkuRlMbjz5Z,upi,46900,141,25,captured,2025-04-10T19:26:42,setl_rmZRuf2IrjOaoz
pay_2oKQKVooNEyylB,order_TfkIcQGmoUgLXB,wallet,175400,3508,631,captured,2025-04-10T07:37:46,setl_rmZRuf2IrjOaoz
pay_Q6o7fc8MfEw15K,order_eOxYPDpuhEcfY0,upi,1760900,5283,951,captured,2025-04-10T17:30:46,setl_rmZRuf2IrjOaoz
pay_oTyjAfaWst6vnS,order_kDGAzjwA8UzLYa,upi,28600,86,15,captured,2025-04-11T14:09:45,setl_j8vhr5uiipN1Cp
pay_JtriX03IVxOlPd,order_yh9u7rKC4f2Y1Z,upi,84723,254,46,captured,2025-04-11T18:23:25,setl_j8vhr5uiipN1Cp
pay_F7FYoth7LpGPre,order_p7wvPp1Oc1YvsG,wallet,2561600,51232,9222,captured,2025-04-11T20:13:38,setl_j8vhr5uiipN1Cp
pay_9IB68rf7byXmsU,order_FTXRGbqc49nF5S,upi,337300,1012,182,captured,2025-04-11T20:36:59,setl_j8vhr5uiipN1Cp
pay_DnBCiJQbjr5shf,order_T4QlRgvcwa6cUX,wallet,101800,2036,366,captured,2025-04-11T10:37:16,setl_j8vhr5uiipN1Cp
pay_z5u0TLUyv0Ap6x,order_sPMNpUt9NuBmtU,upi,69700,209,38,captured,2025-04-11T12:19:35,setl_j8vhr5uiipN1Cp
pay_tmlxcBmgQQqfW4,order_W8Tt5nS5VrbURr,netbanking,62100,1056,190,captured,2025-04-11T19:44:04,setl_j8vhr5uiipN1Cp
pay_qD8yGERRSRWnMi,order_3divrgUsuVBNVe,upi,28000,84,15,captured,2025-04-11T09:12:27,setl_j8vhr5uiipN1Cp
pay_VJYxk5akxbmEA0,order_43kIVdzfeYRjok,card,10600,212,38,captured,2025-04-11T17:04:29,setl_j8vhr5uiipN1Cp
pay_wDgfKIGaVx7HMl,order_Kiezl6fNVqL2fa,upi,11700,35,6,captured,2025-04-11T09:12:07,setl_j8vhr5uiipN1Cp
pay_PuqqlNuNxK4okS,order_qYvfLXdNNcZ4CM,upi,923800,2771,499,captured,2025-04-12T20:49:21,setl_0FBE9u5sltsNRb
pay_Sv32B6wKF9yH6w,order_RBFlUdekOesE2m,upi,11704,35,6,captured,2025-04-12T17:01:29,setl_0FBE9u5sltsNRb
pay_SuBq8wqBW9jeq2,order_ZHm20j2gSB7nl9,netbanking,222900,3789,682,captured,2025-04-12T19:41:45,setl_36QtCtfIMZ5L59
pay_UO7KzHqH2ahEgB,order_8RH7n6A8RseeAF,upi,801400,2404,433,captured,2025-04-12T10:25:16,setl_0FBE9u5sltsNRb
pay_hyJVHhL7UpFcqI,order_uAshUBAsBIEL14,upi,107000,321,58,captured,2025-04-12T15:46:06,setl_0FBE9u5sltsNRb
pay_zdl6TGGPBoWqMs,order_kMzKNcg1tI6Zy2,upi,1185400,3556,640,captured,2025-04-12T08:15:40,setl_0FBE9u5sltsNRb
pay_H8dDkQl1z3zxay,order_vgy6VRH3Kxvnf1,upi,236400,709,128,captured,2025-04-12T21:32:48,setl_0FBE9u5sltsNRb
pay_EpxvlPjcAX4QE7,order_EqV2yfLElhXCGM,upi,11600,35,6,captured,2025-04-12T18:23:09,setl_0FBE9u5sltsNRb
pay_ze1izuM029soIP,order_eFMGVw0Dpaip1h,upi,1596800,4790,862,captured,2025-04-12T07:34:41,setl_0FBE9u5sltsNRb
pay_jTbLgGo5D6Ssah,order_chsqu8KXBdAQuB,upi,130700,392,71,captured,2025-04-12T15:56:56,setl_0FBE9u5sltsNRb
pay_ckpv8p8IxwrUfK,order_CxiYCEhSpMjQuy,upi,14488,43,8,captured,2025-04-12T18:50:30,setl_0FBE9u5sltsNRb
pay_ZMmdVGYsYG9ObV,order_CxiYCEhSpMjQuy,upi,14488,43,8,failed,2025-04-12T09:17:37,
pay_is09Tch1icaw3V,order_O7aZMwuISJNAoA,upi,68300,205,37,captured,2025-04-12T09:01:20,setl_0FBE9u5sltsNRb
pay_nIQuLvjEydpzqc,order_O7aZMwuISJNAoA,upi,68300,205,37,failed,2025-04-12T07:09:47,
pay_UlOozLiGLhUjMq,order_4CfGjyxHEwN6aJ,upi,234700,704,127,captured,2025-04-13T11:11:47,setl_utH7TUeG0gEJ1L
pay_KrDrKX9CGlzJJP,order_fsYDfBpUP2UVRM,upi,1336100,4008,721,captured,2025-04-13T07:26:42,setl_utH7TUeG0gEJ1L
pay_JlhFW2Q7mK4xlC,order_8nGl2IVcRuqVdX,card,1444000,28880,5198,captured,2025-04-13T10:02:54,setl_utH7TUeG0gEJ1L
pay_8UazGDb7GzKkji,order_2FDBqj4RZy3KNf,wallet,191900,3838,691,captured,2025-04-13T11:38:37,setl_utH7TUeG0gEJ1L
pay_AFKSNKxHxPVxgi,order_pCBfDUvZQDdnKS,upi,25700,77,14,captured,2025-04-14T22:14:48,setl_Dk5U8rfriBjFJ6
pay_R8GLNuEZ6c47H9,order_pdrDaQGwik8nQw,upi,1308100,3924,706,captured,2025-04-14T18:09:29,setl_Dk5U8rfriBjFJ6
pay_GF08TxUsnAaX7N,order_KG12TVvloonI1C,netbanking,13800,235,42,captured,2025-04-14T14:54:36,setl_Dk5U8rfriBjFJ6
pay_I788g7SiRXEqoJ,order_V2aarmCnqlSpRT,upi,26900,81,15,captured,2025-04-14T08:32:53,setl_Dk5U8rfriBjFJ6
pay_VdhCkFL6Mk68Fk,order_qnTASqCxB62Cj7,card,962300,19246,3464,captured,2025-04-14T15:24:55,setl_Dk5U8rfriBjFJ6
pay_LmUZLwLiKjSM6R,order_ZbopjUKP2ySZ81,upi,487700,1463,263,captured,2025-04-14T22:13:02,setl_Dk5U8rfriBjFJ6
pay_L6SmtlsnREbdgr,order_tNmxHgK0ukOHsw,card,73300,1466,264,captured,2025-04-14T08:25:48,setl_Dk5U8rfriBjFJ6
pay_Kd6xgHRkR3JRYI,order_CM1ie60kEzff5k,card,742200,14844,2672,captured,2025-04-15T10:57:52,setl_DtMhpTeCpqat4j
pay_bPfP5enEtKN6l9,order_zQRzEdbY0q53ts,upi,13000,39,7,captured,2025-04-15T13:49:08,setl_DtMhpTeCpqat4j
pay_sIs99ZS9DlSskB,order_PcBnMixMnZFbtr,card,97100,1942,350,captured,2025-04-15T22:13:29,setl_DtMhpTeCpqat4j
pay_uv1r9z0NyFF4Pa,order_GkWyCZf1j29l4B,upi,252600,758,136,captured,2025-04-15T17:22:19,setl_DtMhpTeCpqat4j
pay_ndKKo41qKWHE3d,order_PYdUpZOvwUT9Q2,upi,2551800,7655,1378,captured,2025-04-15T19:35:47,setl_DtMhpTeCpqat4j
pay_Ff9oQ7k7ou4q80,order_UbZy2g23ru9u45,netbanking,98400,1673,301,captured,2025-04-15T10:31:53,setl_DtMhpTeCpqat4j
pay_5zoJkG0L0bIWXz,order_v30XYYPYL9mavd,upi,1875981,5628,1013,captured,2025-04-15T12:42:23,setl_DtMhpTeCpqat4j
pay_MTLtwmVTdp6avQ,order_ncy5PqHyLvwwW6,netbanking,83200,1414,255,refunded,2025-04-15T15:52:53,
pay_mZBk1uO32DEpWS,order_YogCIwJJPxOT50,card,176800,3536,636,captured,2025-04-15T20:04:11,setl_DtMhpTeCpqat4j
pay_2BfNJ8f7VbpJYd,order_nQkj7JTj65tSka,wallet,10600,212,38,captured,2025-04-16T20:52:20,setl_GUsll3DsbB1Rs0
pay_AozWjCXQiehzqV,order_cP2HVO5OPOR4A0,card,59800,1196,215,captured,2025-04-16T11:31:16,setl_GUsll3DsbB1Rs0
pay_j0baHFcKK0KKkX,order_Jd6p1iPeeukn7g,netbanking,275300,4680,842,captured,2025-04-16T16:11:35,setl_GUsll3DsbB1Rs0
pay_3GXbe9UAeMh2U1,order_QfqdVgEVl4m65S,card,20000,400,72,captured,2025-04-16T07:20:24,setl_GUsll3DsbB1Rs0
pay_VeWrhbq7YdrNIP,order_0uUjLDuX4e6nt2,upi,48000,144,26,captured,2025-04-16T18:59:44,setl_GUsll3DsbB1Rs0
pay_zQjnI5OFFYx5G7,order_AtEgeMwqu3uh7m,card,62000,1240,223,captured,2025-04-16T08:29:29,setl_GUsll3DsbB1Rs0
pay_0tY2CtXG6lwm0c,order_pUiclBzKztc3Dx,card,15200,304,55,captured,2025-04-16T10:09:30,setl_GUsll3DsbB1Rs0
pay_tNti0uT52fWjDH,order_cSWrPKLYPk8o8z,upi,26900,81,15,captured,2025-04-17T13:00:13,setl_5T86fXM2jkT4SW
pay_5utxYeuqoBqHdI,order_w0eXz9xaWFNEcS,upi,961700,2885,519,captured,2025-04-17T19:44:55,setl_5T86fXM2jkT4SW
pay_RwD5wq4vkuSdlW,order_qWhkBLY61Eg7uB,card,53600,1072,193,captured,2025-04-17T08:26:39,setl_5T86fXM2jkT4SW
pay_xNarhm3WN33eSs,order_SfCWPkKkBzzd8n,upi,174300,523,94,captured,2025-04-17T22:12:04,setl_5T86fXM2jkT4SW
pay_51gIdS1TzIvZOp,order_YRKCYa5bBXPh8g,upi,177600,533,96,refunded,2025-04-17T07:40:15,
pay_hVM2eb6kq0tBr6,order_L5xzyNoLo6PwHV,upi,39500,119,21,captured,2025-04-17T17:51:03,setl_5T86fXM2jkT4SW
pay_1pf4GiZxC0XSxD,order_8KhuCq0N6C9g5n,card,252600,5052,909,captured,2025-04-17T09:26:14,setl_5T86fXM2jkT4SW
pay_uN0JpnwCErn1md,order_IGb3H8pqaD78Ed,upi,21700,65,12,captured,2025-04-17T14:51:27,setl_5T86fXM2jkT4SW
pay_lF2uNGkVWMB9x5,order_uu2s7GXR89ZZzV,upi,19400,58,10,captured,2025-04-17T19:33:15,setl_5T86fXM2jkT4SW
pay_ZMYZ1cKWYJOo6I,order_Ke349GMy77XpFI,card,796100,15922,2866,captured,2025-04-18T19:15:42,setl_wT4swNh5Fhe3UG
pay_IDLbGYhDrfCRg5,order_H369yATDLo57gY,wallet,57900,1158,208,captured,2025-04-18T09:31:42,setl_wT4swNh5Fhe3UG
pay_W5oAkLYBOJl8Oi,order_ePB4MaO4flz5LZ,upi,674837,2025,365,captured,2025-04-18T15:48:51,setl_8pP0jsNW2pzlVX
pay_rJjqVt5S1zHYgD,order_1axssxED4uEuTn,card,309500,6190,1114,captured,2025-04-18T11:52:37,setl_wT4swNh5Fhe3UG
pay_0ypEPYlWsrS9j1,order_Btjj4VJeAyZuC9,upi,702200,2107,379,captured,2025-04-18T18:53:03,setl_8pP0jsNW2pzlVX
pay_6JTTuTgCJUHNlt,order_GijJr1BV0Yz94X,card,367400,7348,1323,captured,2025-04-18T20:11:25,setl_wT4swNh5Fhe3UG
pay_xFTyx0fyWZa8IP,order_fJOAKN2UhFH7zD,wallet,506500,10130,1823,captured,2025-04-18T12:18:37,setl_wT4swNh5Fhe3UG
pay_fPI3ldp12f6YRR,order_icCJWqZodpZjwj,upi,1928900,5787,1042,captured,2025-04-18T17:05:10,setl_8pP0jsNW2pzlVX
pay_O6TQyd1i7cH8Sa,order_IClENRxqApEg6Z,upi,400835,1203,217,captured,2025-04-18T07:23:01,setl_8pP0jsNW2pzlVX
pay_UCjhijYuTea5jK,order_udwKtGs51O51Yb,upi,2046900,6141,1105,captured,2025-04-18T11:53:21,setl_8pP0jsNW2pzlVX
pay_StyaEPfSEcOaJO,order_H5kBWd1D1NdDGD,card,18300,366,66,captured,2025-04-19T13:26:24,setl_4OpHP9sP7QT5bE
pay_a32DU64RqShKto,order_vzpGtsEHMRQJ1S,netbanking,2981400,50684,9123,captured,2025-04-19T12:43:41,setl_4OpHP9sP7QT5bE
pay_9mvMr4b7guKQxc,order_NLo7ckX1VUzhch,card,10600,212,38,captured,2025-04-19T19:18:19,setl_4OpHP9sP7QT5bE
pay_rn8sOyKqDUa63g,order_J9PmFQvmI9dREG,upi,28800,86,15,captured,2025-04-19T15:11:12,setl_4OpHP9sP7QT5bE
pay_3HCIR5yz4cskWO,order_G22adoTxa1guBe,upi,136581,410,74,captured,2025-04-19T19:39:41,setl_4OpHP9sP7QT5bE
pay_bpniRXVNv1LKXl,order_1PP5rwKTXaSJlZ,upi,877601,2633,474,captured,2025-04-19T14:35:04,setl_4OpHP9sP7QT5bE
pay_HLGTSX5m8mnBfD,order_D92B30P8ZCP5P5,upi,10500,32,6,captured,2025-04-19T16:01:29,setl_4OpHP9sP7QT5bE
pay_veGkKKcFeY9LW9,order_wdjwj5uggWcC7p,upi,38700,116,21,captured,2025-04-19T12:55:38,setl_4OpHP9sP7QT5bE
pay_zIYAcUiB8trcb0,order_ULYeQL99HIgxE8,upi,216700,650,117,captured,2025-04-19T07:00:46,setl_4OpHP9sP7QT5bE
pay_ZWF6ZJbcEHd1vq,order_GmL1gvOKoRrJz9,card,425100,8502,1530,captured,2025-04-19T16:27:13,setl_4OpHP9sP7QT5bE
pay_e8PRULoOpBg0A1,order_aZ4pfcBIoIKe7a,upi,2182000,6546,1178,captured,2025-04-19T17:55:46,setl_4OpHP9sP7QT5bE
pay_Xfr1KT8TJ72dEG,order_zA05bOczPj83h1,upi,596300,1789,322,captured,2025-04-20T14:28:42,setl_KLPbndxwBDidoL
pay_Czcqnfx9kukPtf,order_aZM21e1kAy4Pe2,upi,1608400,4825,869,captured,2025-04-20T08:39:14,setl_KLPbndxwBDidoL
pay_dbGNTK34MozWTn,order_uZx2J17j8StHiL,card,295358,5907,1063,captured,2025-04-20T20:25:21,setl_KLPbndxwBDidoL
pay_WvqeXi427HCQem,order_nS2fltIsKqYjKN,upi,2071100,6213,1118,captured,2025-04-20T09:21:03,setl_KLPbndxwBDidoL
pay_cgDlbyB39BBhhk,order_24ZcSWkFddOsN2,upi,183100,549,99,captured,2025-04-20T19:52:43,setl_KLPbndxwBDidoL
pay_8xoEclzIhN0zIS,order_5xwShLhjp7CKFU,upi,680500,2042,368,captured,2025-04-20T15:12:46,setl_KLPbndxwBDidoL
pay_jHUDbWl3Ntk44D,order_BkWBARFu5b3UKS,upi,17871,54,10,captured,2025-04-20T08:01:34,setl_KLPbndxwBDidoL
pay_j2m8RdJVqYgzGY,order_EOvRw21hX7BowT,card,25600,512,92,captured,2025-04-21T10:20:35,setl_xBGj7NdtKtOoK4
pay_8ATw6dptK3QJ44,order_4kb7nVYva7Xd95,card,822500,16450,2961,captured,2025-04-21T17:14:28,setl_xBGj7NdtKtOoK4
pay_92KIXCCdu4vbxI,order_4kb7nVYva7Xd95,card,822500,16450,2961,failed,2025-04-21T16:38:02,
pay_0g4J2NaB0LA4sX,order_S0XcyTLh6vIhEV,upi,80800,242,44,captured,2025-04-21T10:43:23,setl_xBGj7NdtKtOoK4
pay_MPOl9U7CLYzeM9,order_0GKbP3xUcRbDvm,card,943200,18864,3396,captured,2025-04-21T15:21:09,setl_xBGj7NdtKtOoK4
pay_tt8wKNzsRko02S,order_Q2f3YKxTsjsBeO,upi,1201500,3605,649,captured,2025-04-21T07:53:32,setl_xBGj7NdtKtOoK4
pay_VaKv2sIPfPyt7c,order_g6CG6waDoc7zf2,upi,52200,157,28,captured,2025-04-21T07:50:55,setl_xBGj7NdtKtOoK4
pay_dNtW7lEN9JaI19,order_xvbFgnRxutHfYq,card,29200,584,105,captured,2025-04-21T15:20:49,setl_xBGj7NdtKtOoK4
pay_Z9FAMga2PP8Q8K,order_wBNANl7oKu3kgP,upi,43500,131,24,captured,2025-04-21T22:30:55,setl_xBGj7NdtKtOoK4
pay_2DwyLTCYQCHGWL,order_6SoxgFvGB4iARj,upi,49800,149,27,captured,2025-04-22T18:11:24,setl_W1QZjz3Po0gX4V
pay_mGQtVVEMxCZZdn,order_WheynXmRRdAqw5,upi,48300,145,26,captured,2025-04-22T10:49:22,setl_W1QZjz3Po0gX4V
pay_SoMcnD1wR9tvlb,order_0GKpKhrb9SbmOB,upi,115300,346,62,captured,2025-04-22T11:30:10,setl_W1QZjz3Po0gX4V
pay_D8ZgLprjIncCZ8,order_mnOY9AS2zolu78,upi,9200,28,5,captured,2025-04-22T20:10:25,setl_W1QZjz3Po0gX4V
pay_AHKaS39zg7zr8E,order_YS2qDp23UMoijS,netbanking,2333874,39676,7142,captured,2025-04-22T08:58:25,setl_W1QZjz3Po0gX4V
pay_fmrvYrEbvVw51Q,order_TALYhNDvrzJRar,card,154700,3094,557,captured,2025-04-22T18:32:50,setl_W1QZjz3Po0gX4V
pay_uEC637DWrvMKLR,order_0TU4S9ZyMKEHcS,card,502600,10052,1809,captured,2025-04-22T16:50:34,setl_W1QZjz3Po0gX4V
pay_h4IvqAfnsu7wXw,order_q6OAaUmA2meADC,card,49800,996,179,captured,2025-04-23T08:07:38,setl_i2jJO1ygcvVWvZ
pay_QJ0mN0TnH38xEt,order_4nR5koVWuJP6e6,card,95500,1910,344,captured,2025-04-23T07:34:40,setl_i2jJO1ygcvVWvZ
pay_cWdobW6LDttAS2,order_wT08h5owUCoryJ,card,182200,3644,656,captured,2025-04-23T18:33:07,setl_i2jJO1ygcvVWvZ
pay_zhKHumypQnqPU5,order_mzm1hNtvxYze2E,netbanking,921400,15664,2820,captured,2025-04-23T13:31:00,setl_i2jJO1ygcvVWvZ
pay_Cm8uAeLvk9SED8,order_hGiK89Z0xbiynT,netbanking,557353,9475,1706,captured,2025-04-23T15:05:57,setl_i2jJO1ygcvVWvZ
pay_e9w1GRiRX2aVbA,order_H3rOvQO192aPPU,upi,316800,950,171,captured,2025-04-23T13:36:17,setl_i2jJO1ygcvVWvZ
pay_QwqGm2loJnyhFS,order_H3rOvQO192aPPU,card,316800,6336,1140,failed,2025-04-23T21:49:21,
pay_Saeh9AC49CTP88,order_DpowieBYGY9wCZ,netbanking,9300,158,28,captured,2025-04-23T22:27:25,setl_i2jJO1ygcvVWvZ
pay_atKbE34sHFJ28f,order_UwmRkkfUDgKdVu,card,10305,206,37,captured,2025-04-23T15:03:53,setl_i2jJO1ygcvVWvZ
pay_YxBdsDrIdmULls,order_b4g7tKFvmAzvRO,netbanking,380639,6471,1165,captured,2025-04-23T14:54:56,setl_i2jJO1ygcvVWvZ
pay_12iBCaNOldNSbU,order_BjZ3m7njvogPva,card,139600,2792,503,captured,2025-04-24T12:08:47,setl_nNwThKhckXgz8u
pay_q7nKotjxSpDATE,order_7GObkdyQaSH2Jr,upi,204400,613,110,captured,2025-04-24T08:55:59,setl_ontzoU8WpuFjRt
pay_omlmpAqtBBpn2H,order_7GObkdyQaSH2Jr,upi,204400,613,110,failed,2025-04-24T08:22:25,
pay_ZPgFgnAiZ6bfFC,order_hp1vjCbd5yz9jQ,upi,10400,31,6,captured,2025-04-24T08:02:14,setl_ontzoU8WpuFjRt
pay_TcGywSPeYNiUMK,order_KzeeqBC7MMLBgE,upi,417200,1252,225,captured,2025-04-24T19:13:31,setl_ontzoU8WpuFjRt
pay_JtZXLJpY6GflU3,order_YLv1XlDiDMO4hr,upi,11600,35,6,captured,2025-04-24T11:45:50,setl_ontzoU8WpuFjRt
pay_3euu41dPmw9XOo,order_5dCSBsKG0s42K6,upi,1480400,4441,799,captured,2025-04-24T13:31:15,setl_ontzoU8WpuFjRt
pay_wEbc7TsaSbbgWI,order_nxnv41Q5t4l0vB,card,34600,692,125,captured,2025-04-24T07:07:22,setl_nNwThKhckXgz8u
pay_hVspxDMjTP9mk7,order_dnmrhAb2CVl3Fh,card,718800,14376,2588,captured,2025-04-24T18:44:46,setl_nNwThKhckXgz8u
pay_Pt63Uahk09H3Yo,order_dnmrhAb2CVl3Fh,upi,718800,2156,388,failed,2025-04-24T16:34:58,
pay_rqRTcyIx075SDc,order_bfLKv2nDDXvLdy,upi,18700,56,10,captured,2025-04-25T09:33:46,setl_1f23Yen8hgkCov
pay_HzU8GTQwfcn11a,order_yFcfQGnjo3wrtX,card,287600,5752,1035,captured,2025-04-25T18:20:01,setl_9rTwvyzmXXtm8t
pay_fRtSjS4I1O0TUN,order_MOs1z4wf0IQSi3,upi,8700,26,5,captured,2025-04-25T08:02:42,setl_1f23Yen8hgkCov
pay_HMtSegZENhjlgi,order_kAnVhyErzPOOlO,card,255600,5112,920,captured,2025-04-25T18:53:13,setl_9rTwvyzmXXtm8t
pay_eq5bNvl53mKU0t,order_TIo3qzFsevTHJt,card,690500,13810,2486,captured,2025-04-25T20:51:54,setl_9rTwvyzmXXtm8t
pay_WuwoY2VcnhwQcf,order_HLi6lyRJyjTmlj,upi,229000,687,124,captured,2025-04-25T12:10:30,setl_1f23Yen8hgkCov
pay_sMoioly8rKAhzK,order_vNtNGoHV72lyvr,upi,1864400,5593,1007,captured,2025-04-25T20:42:52,setl_1f23Yen8hgkCov
pay_7E5PxA9yxurK6U,order_xxM4AOaHfUCpsK,upi,11000,33,6,captured,2025-04-25T19:09:59,setl_1f23Yen8hgkCov
pay_YX4wR3qsjvHMPX,order_cf8qu09hBbbyDB,card,25500,510,92,captured,2025-04-25T11:34:43,setl_9rTwvyzmXXtm8t
pay_jVip2nuB606SNy,order_b8bTOqdchj7dNl,upi,449900,1350,243,captured,2025-04-26T14:38:24,setl_CcgYmCeGu8h0BR
pay_8TWTGzwJyH3ELO,order_GJm5ALqAjYKrJJ,card,203700,4074,733,captured,2025-04-26T19:09:46,setl_YEBakP0dwN8WK2
pay_u2KW9l43IUDvYO,order_tDOTYkReHsebqN,upi,349900,1050,189,captured,2025-04-26T13:03:05,setl_CcgYmCeGu8h0BR
pay_pQbojebfCUqqzj,order_Xz74tLHFtt7V0X,upi,1148100,3444,620,captured,2025-04-26T17:53:30,setl_CcgYmCeGu8h0BR
pay_SWTXhXjqPXEnRg,order_9BIwRYzdcnm5xL,upi,38900,117,21,captured,2025-04-26T11:11:41,setl_CcgYmCeGu8h0BR
pay_djUqtSfXxKG39j,order_24l7Ty2bNqFPHn,upi,2636300,7909,1424,captured,2025-04-26T21:01:01,setl_CcgYmCeGu8h0BR
pay_DaVdxQn0ywVzei,order_hrbR8r9IiOGAeN,card,339800,6796,1223,captured,2025-04-26T21:25:19,setl_YEBakP0dwN8WK2
pay_QNbEnmBFCoIqRV,order_qlHUCIgS90yuLu,card,15400,308,55,captured,2025-04-26T13:31:28,setl_YEBakP0dwN8WK2
pay_QcjZLZUEHXUUWu,order_TGS9VaF66zTF3q,upi,211776,635,114,captured,2025-04-26T11:53:12,setl_CcgYmCeGu8h0BR
pay_ENYKox8uHruki8,order_6Srbs5aBRFvwva,card,1561922,31238,5623,captured,2025-04-26T11:52:43,setl_YEBakP0dwN8WK2
pay_99zjg57WnFhnku,order_EMHMVNGBTMN5Ib,upi,27800,83,15,captured,2025-04-27T15:45:39,setl_i8EOtwFwW7b8Be
pay_If88PuZ1QuO7Ab,order_5Xhd5BBvU35b0G,upi,43300,130,23,captured,2025-04-27T18:07:44,setl_i8EOtwFwW7b8Be
pay_xSEv2IXONHWx1c,order_Nz8kMRegOBSXJg,upi,228100,684,123,captured,2025-04-27T12:27:46,setl_i8EOtwFwW7b8Be
pay_CGSwBEAf5Zy3x5,order_bcZMrxudjfI404,upi,1389784,4169,750,captured,2025-04-27T16:35:19,setl_i8EOtwFwW7b8Be
pay_p9IIcakOZBsM9q,order_xeGErevTSUdfhF,card,581700,11634,2094,captured,2025-04-27T08:16:53,setl_i8EOtwFwW7b8Be
pay_25BSbng903e1i9,order_GVaPuHbbxZBNBl,upi,703000,2109,380,captured,2025-04-27T19:41:00,setl_i8EOtwFwW7b8Be
pay_ftuaiUwYMKXe9X,order_1gGmDbRVanKRZg,upi,2417200,7252,1305,captured,2025-04-27T21:49:44,setl_i8EOtwFwW7b8Be
pay_lQK9fnkXjaxTV9,order_ERphajuib2LqB8,upi,23600,71,13,captured,2025-04-28T08:23:00,setl_4fOocqaMZIsq56
pay_SeuTF9Cs7vvv6f,order_113RCNOBJFAk6K,card,2913100,58262,10487,captured,2025-04-28T10:02:36,setl_4fOocqaMZIsq56
pay_uYHHx8q9NMYBkx,order_NB47lvAAn5AB7s,upi,20700,62,11,captured,2025-04-28T19:11:57,setl_4fOocqaMZIsq56
pay_avPGqfZAwRjSe7,order_6TjKWTo9X0pVfa,netbanking,2969100,50475,9086,captured,2025-04-28T17:08:52,setl_4fOocqaMZIsq56
pay_YaZpXYXSsh6dhu,order_b4VG5wIKotYZGF,card,822500,16450,2961,captured,2025-04-28T07:46:43,setl_4fOocqaMZIsq56
pay_J8NVR5aJOdwU1S,order_c9yZzukV3gbbua,upi,1040178,3121,562,refunded,2025-04-28T12:31:36,
pay_nJa50R0xKn7FxX,order_JTl5F788ixsTQn,card,14000,280,50,captured,2025-04-28T14:50:34,setl_4fOocqaMZIsq56
pay_pWZyYVVQX7TMow,order_MkTEyViPD1vb9D,upi,437800,1313,236,captured,2025-04-28T08:37:29,setl_4fOocqaMZIsq56
pay_LwqaMAae5k3tGM,order_DMUCa94JGPoeC4,upi,8800,26,5,captured,2025-04-28T15:39:17,setl_4fOocqaMZIsq56
pay_jceI5L9bzNg3TM,order_BiwmoND3sWMsvm,card,115484,2310,416,captured,2025-04-28T16:26:47,setl_4fOocqaMZIsq56
pay_KFTnlbaj8erEK1,order_BiwmoND3sWMsvm,card,115484,2310,416,failed,2025-04-28T11:55:26,
pay_Go4NQUXVXZWvI3,order_dy0yFBMRam9ueS,card,174600,3492,629,captured,2025-04-28T19:42:30,setl_4fOocqaMZIsq56
pay_OqvVHF1DcRktOd,order_YRQQ4eXXnkToEk,wallet,945000,18900,3402,captured,2025-04-28T15:14:15,setl_4fOocqaMZIsq56
pay_eBKJgjw23G0RJh,order_PIkYFHKN8nTfNn,upi,85863,258,46,captured,2025-04-28T17:20:52,setl_4fOocqaMZIsq56
pay_DGjGEyvfOZ3au7,order_qEUiSXB63fbRab,card,473200,9464,1704,captured,2025-04-29T11:16:16,setl_zrJfKzzaLI3tky
pay_e4TqJ7Bq5bNbCY,order_UwdFBoZ4aUCb4i,wallet,9300,186,33,captured,2025-04-29T12:29:15,setl_zrJfKzzaLI3tky
pay_I62v7bxq5QK1c6,order_r7CHULrApE9p8Q,upi,39408,118,21,captured,2025-04-29T07:08:05,setl_zrJfKzzaLI3tky
pay_7jzWaRRDTuKHMi,order_LmHA9ii3X0pSpw,netbanking,1322400,22481,4047,captured,2025-04-29T09:53:50,setl_zrJfKzzaLI3tky
pay_BGFPqaEyPfNJ8e,order_ZV9BC0GDYIWPpT,upi,39000,117,21,captured,2025-04-29T11:11:50,setl_zrJfKzzaLI3tky
pay_rpiMqBWU5UIiWp,order_9PODkb5UPXH3aP,card,116900,2338,421,captured,2025-04-29T14:28:30,setl_zrJfKzzaLI3tky
pay_usCyjqEtdEDwtd,order_ZVcNYuYKqcD1LQ,upi,16900,51,9,captured,2025-04-29T20:18:46,setl_zrJfKzzaLI3tky
pay_mdIoJiaoxmqixv,order_oFcoXCCqIejyEy,card,1009400,20188,3634,captured,2025-04-29T21:37:26,setl_zrJfKzzaLI3tky
pay_fTubgMJ0u6QqrE,order_hE6fjuZgFl5obQ,upi,23500,71,13,captured,2025-04-29T15:18:41,setl_zrJfKzzaLI3tky
pay_2GireJ3FyAGfYP,order_fHxPDcn0Dy0JGK,upi,59600,179,32,captured,2025-04-29T13:51:31,setl_zrJfKzzaLI3tky
pay_jhDM4mYGxkDzuh,order_YlVNVOIYgFc5Y2,card,10800,216,39,captured,2025-04-30T11:03:50,setl_4OPLkcty0yP3sl
pay_QosEpzgzaCF9Re,order_fyX6X0T8CzYHPo,upi,8100,24,4,captured,2025-04-30T09:03:56,setl_4OPLkcty0yP3sl
pay_Yuair9tk2owftG,order_Y6fET16o9QeEsH,wallet,707900,14158,2548,captured,2025-04-30T07:02:27,setl_4OPLkcty0yP3sl
pay_zNUDyoarOcRTzQ,order_Y6fET16o9QeEsH,card,707900,14158,2548,failed,2025-04-30T21:10:07,
pay_5qkoIfm9DBHsBi,order_XAjWXIXnKTz2Os,upi,489400,1468,264,captured,2025-04-30T08:48:35,setl_4OPLkcty0yP3sl
pay_QGtCSwH3NzpjWQ,order_qf1t68WsxsKpIn,upi,312900,939,169,captured,2025-04-30T09:19:50,setl_4OPLkcty0yP3sl
pay_iyNxlhJOZjWTRL,order_82LQ35Kh3Gk1SJ,upi,264200,793,143,captured,2025-04-30T09:04:14,setl_4OPLkcty0yP3sl
pay_ylaN1vWLRpPjMb,order_zjNFSnRGzCxIxA,upi,1299800,3899,702,captured,2025-04-30T17:26:43,setl_4OPLkcty0yP3sl
pay_7Ca1Dhzf4g0JYd,order_VdwuOA5E4SiRgU,upi,227900,684,123,captured,2025-04-30T15:48:50,setl_4OPLkcty0yP3sl
pay_pVb83Sm67SnvvA,order_gsKq4MqypbNkuz,card,690400,13808,2485,refunded,2025-04-30T20:49:12,
pay_4ZEg4pbZNIWZ5i,order_f2Pu9FBW5MPVQG,netbanking,65100,1107,199,captured,2025-04-30T13:47:28,setl_4OPLkcty0yP3sl
pay_82ZIreJZRJhhb7,order_dL0wRC1I3rddx3,card,11200,224,40,captured,2025-04-30T20:01:49,setl_4OPLkcty0yP3sl
pay_9G8yr1rRhwJEbh,order_AjEBYxyIUk6nwW,card,10800,216,39,captured,2025-05-01T09:29:17,setl_x9ijwcAgRMjZQE
pay_B45kZ4BIyaTKOX,order_VORE7OvTnFCAYa,card,51800,1036,186,captured,2025-05-01T15:26:42,setl_x9ijwcAgRMjZQE
pay_RTx31LGjS3tj6s,order_SpE9lIdEcOn82v,upi,11700,35,6,captured,2025-05-01T12:41:11,setl_x9ijwcAgRMjZQE
pay_jCB2bodk5lfY9f,order_M5vTAokU4NZdzX,card,295100,5902,1062,captured,2025-05-01T14:29:17,setl_x9ijwcAgRMjZQE
pay_118yAZvGzHjxyX,order_M5vTAokU4NZdzX,upi,295100,885,159,failed,2025-05-01T16:11:54,
pay_0coifTurzhBnOp,order_WrWbvk7ha8XOG5,card,278200,5564,1002,captured,2025-05-01T10:43:30,setl_x9ijwcAgRMjZQE
pay_SSMzyOvjwCepzE,order_yxlF9H0h82pblC,upi,18700,56,10,captured,2025-05-01T08:31:43,setl_x9ijwcAgRMjZQE
pay_GmFuYX6fxG5pJW,order_pJiMDwi0D05Ad8,upi,2075100,6225,1121,captured,2025-05-01T10:13:12,setl_x9ijwcAgRMjZQE
pay_lQsJFPU46QDkQ1,order_pgTrwkXRd9ESuf,card,40700,814,147,captured,2025-05-01T07:36:17,setl_x9ijwcAgRMjZQE
pay_VHHVi701S6LbN5,order_pgTrwkXRd9ESuf,card,40700,814,147,failed,2025-05-01T22:08:44,
pay_0uu0lNg7TnJKNA,order_CcXFKT58TWB0ub,card,360400,7208,1297,captured,2025-05-01T21:57:36,setl_x9ijwcAgRMjZQE
pay_7lvRORiZBWM798,order_Lcg4sxMKhQ5UEe,upi,1445200,4336,780,captured,2025-05-01T09:17:29,setl_x9ijwcAgRMjZQE
pay_ln4wumGNnVMPrQ,order_DomKBud7kcdfTx,card,1849000,36980,6656,refunded,2025-05-01T15:22:27,
pay_ypQO8bjsFktst5,order_Nngh3ceffLHFYc,upi,8000,24,4,captured,2025-05-02T19:21:38,setl_2ixuLqPtFyOavH
pay_GAJgeC1zeK21no,order_GDOBO41yeh1bvK,card,39300,786,141,captured,2025-05-02T14:45:18,setl_2ixuLqPtFyOavH
pay_octBdNIN7nPBjO,order_IGA0n7vF7KRqDB,upi,88700,266,48,captured,2025-05-02T21:38:11,setl_2ixuLqPtFyOavH
pay_ziYGwhfYuLv9Ho,order_lR6auIXwwXMXz4,upi,2267200,6802,1224,captured,2025-05-02T21:27:55,setl_2ixuLqPtFyOavH
pay_xItMNE6ji9QlKv,order_q7mHkUDEsAbOWx,upi,539600,1619,291,captured,2025-05-02T13:48:18,setl_2ixuLqPtFyOavH
pay_S5z7a0vRIY2GAM,order_q7mHkUDEsAbOWx,upi,539600,1619,291,failed,2025-05-02T21:06:07,
pay_P3tEWriby4yHXi,order_UFpPC0swynNVhO,card,51076,1022,184,captured,2025-05-02T08:33:32,setl_2ixuLqPtFyOavH
pay_rECADoo9BNElKR,order_zzPorgOV6lB6sT,card,8300,166,30,captured,2025-05-02T09:04:43,setl_2ixuLqPtFyOavH
pay_Pmz25xj9FlYXYY,order_YFXlTJUc6dM7Cf,netbanking,2333400,39668,7140,captured,2025-05-02T14:16:06,setl_2ixuLqPtFyOavH
pay_5FImniqZQT1qph,order_H5xH8yMMbndExs,card,307000,6140,1105,captured,2025-05-02T07:42:46,setl_2ixuLqPtFyOavH
pay_OFb84dHnKSTVZj,order_ILsHEogHVK3tsS,netbanking,250900,4265,768,captured,2025-05-02T20:31:56,setl_2ixuLqPtFyOavH
pay_rqSevFsudqtXx1,order_ojKbDzpBrZikTn,card,326600,6532,1176,captured,2025-05-03T07:16:15,setl_0EvTXMGTYLPm9A
pay_Pf0QgTe6TnXFP0,order_V3jbuyvaude39U,upi,165672,497,89,captured,2025-05-03T21:45:19,setl_0EvTXMGTYLPm9A
pay_1NBAsNc5fimJjv,order_ug707g6lUZliMY,netbanking,22000,374,67,captured,2025-05-03T08:42:12,setl_0EvTXMGTYLPm9A
pay_YcJLqnJbM3wTsk,order_kY0yMCMvbB3Y1m,upi,824900,2475,446,captured,2025-05-03T15:15:18,setl_0EvTXMGTYLPm9A
pay_4H7y8dpuDFweF1,order_BtndyAd5SCvYLA,card,13600,272,49,captured,2025-05-03T12:02:15,setl_0EvTXMGTYLPm9A
pay_mZGoTWoPj8klen,order_q6DafJr54ynpER,card,2000200,40004,7201,captured,2025-05-03T08:47:09,setl_0EvTXMGTYLPm9A
pay_fiycl13e97bZR8,order_O6CpAFj71wlVLL,upi,66700,200,36,captured,2025-05-03T07:26:22,setl_0EvTXMGTYLPm9A
pay_EK1ZHtlByRjkxU,order_puXD2RIdwPaWMn,card,68900,1378,248,captured,2025-05-03T11:10:48,setl_0EvTXMGTYLPm9A
pay_d25sBVOivPVMds,order_FEIwsT221ZwCER,upi,1524500,4574,823,captured,2025-05-03T21:56:21,setl_0EvTXMGTYLPm9A
pay_qOKzL1pXdvRtrn,order_xtEMrKFPuo3eVo,upi,2604700,7814,1407,captured,2025-05-03T15:35:57,setl_0EvTXMGTYLPm9A
pay_L8GiTtFVBRHQQV,order_hjI9V852UANH1u,upi,512900,1539,277,captured,2025-05-03T07:53:26,setl_0EvTXMGTYLPm9A
pay_ME7Tw1SrbbgL7t,order_5lxNEUxBGfGdWL,card,9000,180,32,captured,2025-05-03T07:40:37,setl_0EvTXMGTYLPm9A
pay_ry9Sxi2DwvuKKG,order_FnQA5BJbbJY6ro,upi,60300,181,33,captured,2025-05-03T19:07:14,setl_0EvTXMGTYLPm9A
pay_GNVfjSVIcmWyAG,order_7G5DaJTfJLMxbP,card,17200,344,62,captured,2025-05-03T13:03:08,setl_0EvTXMGTYLPm9A
pay_4FLUkUrlNvgmyV,order_PtDynDFZKeMlBQ,netbanking,1845200,31368,5646,captured,2025-05-04T16:24:38,setl_Iiz7qUkZpBO86U
pay_Jc7Re72J1RoZG7,order_lSaqpjuvvle1qw,upi,887900,2664,480,captured,2025-05-04T07:32:17,setl_Iiz7qUkZpBO86U
pay_T8WJzUOlVxekzw,order_PSK2gN3VhJOYkq,upi,12300,37,7,captured,2025-05-04T07:31:14,setl_Iiz7qUkZpBO86U
pay_UCGCqpXZsuZSMv,order_VEmnPbbxrsqBN0,upi,2371100,7113,1280,captured,2025-05-04T21:51:59,setl_Iiz7qUkZpBO86U
pay_HM92DCb0Nbml7m,order_LW46CipLWIETor,card,141000,2820,508,captured,2025-05-04T21:49:02,setl_Iiz7qUkZpBO86U
pay_ntbYlRXDatNAgd,order_7VDi8hsB5yVWyj,upi,220400,661,119,captured,2025-05-04T12:52:24,setl_Iiz7qUkZpBO86U
pay_NIp7bO8tWDvx8D,order_WxhY2VTPgSt4Jw,card,692100,13842,2492,captured,2025-05-04T20:34:33,setl_Iiz7qUkZpBO86U
pay_CBIs7uzG40oV4k,order_rnSfnwq0DYUAkr,netbanking,8700,148,27,captured,2025-05-04T07:15:33,setl_Iiz7qUkZpBO86U
pay_rsxbsi5PspyiBI,order_Jxk0QOxu8BQkO1,wallet,25200,504,91,captured,2025-05-05T20:05:03,setl_qC7NqtX01SMe19
pay_Pwz8hCjHPM5wmx,order_qHVsBKV0MkNUOY,upi,5858,18,3,captured,2025-05-05T21:43:08,setl_qC7NqtX01SMe19
pay_3UKM5ifMhot25Y,order_xaMjBcJo5wvF9c,netbanking,243000,4131,744,captured,2025-05-05T14:01:53,setl_qC7NqtX01SMe19
pay_nRs2XKkgWSdpoa,order_uVest0KPI78rbM,card,8600,172,31,captured,2025-05-05T14:47:31,setl_qC7NqtX01SMe19
pay_MJBXp7ZDz88Toz,order_UY5vSL9tY6uKoa,card,301900,6038,1087,captured,2025-05-05T19:46:47,setl_qC7NqtX01SMe19
pay_aH1PretoILLuc2,order_RQFsFbw8HII02O,upi,591100,1773,319,captured,2025-05-05T17:47:52,setl_qC7NqtX01SMe19
pay_M8D5Ie7dp8DbJ1,order_xd7GAtHR3u2jeu,netbanking,1042100,17716,3189,captured,2025-05-05T16:50:19,setl_qC7NqtX01SMe19
pay_RKIq0vS39U94yT,order_xR126p5xM63Rj7,upi,826000,2478,446,captured,2025-05-05T19:25:11,setl_qC7NqtX01SMe19
pay_mB22LKTP1KD3CC,order_vT3umLsgNdpDGO,netbanking,392200,6667,1200,captured,2025-05-06T07:56:15,setl_IfgnJoxOf8Cf4H
pay_7srzPlCpdmJRRA,order_HEWsWO4oNqrDiB,upi,29652,89,16,captured,2025-05-06T12:57:20,setl_IfgnJoxOf8Cf4H
pay_wGiLOmt0Sb2FWx,order_9nER1sWlDFtd7i,netbanking,361400,6144,1106,captured,2025-05-06T07:55:42,setl_IfgnJoxOf8Cf4H
pay_T58Yro0lwqUYsT,order_0rxwUXDlilJ3YW,netbanking,496475,8440,1519,captured,2025-05-06T14:53:57,setl_IfgnJoxOf8Cf4H
pay_cjBzweuaBgqheC,order_TDfeVeHtZXvTaM,card,1764400,35288,6352,captured,2025-05-06T14:31:58,setl_IfgnJoxOf8Cf4H
pay_VqmiSa4btgf3wR,order_bRzNe1CbIb90Pd,netbanking,1862100,31656,5698,captured,2025-05-06T10:52:28,setl_IfgnJoxOf8Cf4H
pay_M59oL2GXSlUy6X,order_JzvfCZ4BjYESfB,card,35000,700,126,captured,2025-05-06T11:03:33,setl_IfgnJoxOf8Cf4H
pay_lBzfDGtkC68LNA,order_9Qk87WQ28EVS5l,upi,23200,70,13,captured,2025-05-06T17:03:40,setl_IfgnJoxOf8Cf4H
pay_uVMkHwK80oRPVq,order_luxTuqoFZSnCDH,card,51200,1024,184,captured,2025-05-06T13:29:00,setl_IfgnJoxOf8Cf4H
pay_n6M6TD7bqAoS7x,order_3yXq65N59TzRQO,upi,57400,172,31,captured,2025-05-06T20:34:56,setl_IfgnJoxOf8Cf4H
pay_51VyvHphEoGdZz,order_hTCP2L63iCrXMj,upi,95800,287,52,captured,2025-05-07T11:47:46,setl_wsY0KlmQgrWOI7
pay_JsIwhaOMaoNpYo,order_ONVhrL8J2CqthQ,upi,547600,1643,296,captured,2025-05-07T22:21:40,setl_wsY0KlmQgrWOI7
pay_w7mQIOzG1u7VMx,order_zyWhXGbnF3bKgh,card,1239000,24780,4460,captured,2025-05-07T21:00:21,setl_wsY0KlmQgrWOI7
pay_zL9kscDxsz24MP,order_cKACvTIrCI9vw4,wallet,414475,8290,1492,captured,2025-05-07T21:11:50,setl_wsY0KlmQgrWOI7
pay_CicmQOSLwFrZNs,order_2MBF2G404VKs8W,netbanking,8500,145,26,captured,2025-05-07T12:51:44,setl_wsY0KlmQgrWOI7
pay_TJRNyxu3ts2JmD,order_uzSR6LH1sGoVpB,upi,15204,46,8,captured,2025-05-07T11:07:41,setl_wsY0KlmQgrWOI7
pay_xMGVt06wJxcuLn,order_qNV4ls5hpZvNrO,card,10200,204,37,captured,2025-05-07T09:32:42,setl_wsY0KlmQgrWOI7
pay_aJXSG2ST4sPRea,order_xmASSFWVFhAdwr,upi,120600,362,65,captured,2025-05-07T21:54:37,setl_wsY0KlmQgrWOI7
pay_t2569viciX2aOG,order_jzWmSe9U6onXWc,upi,137700,413,74,captured,2025-05-08T17:22:14,setl_yFwrDVhiy3f9pV
pay_fStYo5hn8sBBCd,order_XpJEbuOci1gvKW,upi,827700,2483,447,captured,2025-05-08T16:34:10,setl_yFwrDVhiy3f9pV
pay_SJTDIyciLzDfHU,order_fGk8uWeIwOK2JO,card,14700,294,53,captured,2025-05-08T18:22:29,setl_e1AYtbDLvu1EEG
pay_7aYLdAYTPLZone,order_CT0dnHUnJlY7SE,upi,2576900,7731,1392,captured,2025-05-08T22:22:58,setl_yFwrDVhiy3f9pV
pay_Z1G3COPXQFPV1Z,order_HcL7HnWlJlMbl9,upi,52000,156,28,captured,2025-05-08T08:32:47,setl_yFwrDVhiy3f9pV
pay_MYCfedkUxC2JuE,order_sKdkUDnpnzau7X,card,1460700,29214,5259,captured,2025-05-08T15:09:02,setl_e1AYtbDLvu1EEG
pay_I1Hmra3yNkU8Sy,order_0UWLMvu3VWA3Ou,card,11000,220,40,captured,2025-05-08T09:01:19,setl_e1AYtbDLvu1EEG
pay_insOQOsjQxhmOE,order_Gfuzbs3PylFW1W,upi,373700,1121,202,captured,2025-05-08T22:08:43,setl_yFwrDVhiy3f9pV
pay_Va6yVPYAmIZ1M4,order_sxgr9hySxHH9oi,upi,556017,1668,300,refunded,2025-05-08T07:43:43,
pay_ivX2b4zFk8gqnq,order_FvlAZev1712exX,card,157100,3142,566,captured,2025-05-08T18:49:47,setl_e1AYtbDLvu1EEG
pay_P1087IzT471flC,order_gl3RoZWZUYrhpH,upi,1079684,3239,583,captured,2025-05-08T15:02:59,setl_yFwrDVhiy3f9pV
pay_j5nv14E9JEwrqS,order_kg1awJrQZRLlmB,upi,119800,359,65,captured,2025-05-09T13:33:08,setl_rBg4shLOpllZl4
pay_5pcrMQT8UVLufG,order_AnU5ultZtFegXN,upi,62400,187,34,captured,2025-05-09T16:01:56,setl_rBg4shLOpllZl4
pay_dfXW2xEpdaQS6F,order_wgj6FVlKDxwL6Z,card,40700,814,147,captured,2025-05-09T18:07:09,setl_GvnmnVOVu1xzDl
pay_C3aBwt3LyBDOB6,order_bhWb103O2FMTnt,upi,1108300,3325,599,captured,2025-05-09T09:47:54,setl_rBg4shLOpllZl4
pay_1F7BMyQbH8s69K,order_pUUaW2H0UEtoG2,upi,476400,1429,257,captured,2025-05-09T21:36:56,setl_rBg4shLOpllZl4
pay_0cFiK7iY8scrYO,order_GNQKXosd3vC2Lo,card,567900,11358,2044,captured,2025-05-09T19:35:39,setl_GvnmnVOVu1xzDl
pay_6Ic1m0qg8JfFSt,order_GNQKXosd3vC2Lo,netbanking,567900,9654,1738,failed,2025-05-09T07:29:28,
pay_Rmk1OAHjvgV508,order_nsLWCoQdh4W68L,card,21700,434,78,captured,2025-05-09T14:02:03,setl_GvnmnVOVu1xzDl
pay_pm6TTs3Urqg54f,order_Rwy0o4BDFvjqkK,upi,1117500,3353,604,captured,2025-05-09T07:41:45,setl_rBg4shLOpllZl4
pay_bPZGD9yaKtuFrE,order_GM0MOspoLnCxF3,wallet,622200,12444,2240,captured,2025-05-09T07:37:51,setl_GvnmnVOVu1xzDl
pay_3W2vJZuJYVN9qY,order_VxdvTPbSedpDT0,upi,43700,131,24,captured,2025-05-10T12:01:31,setl_IHxDfqTYA8mSCY
pay_fYgOuWM1V5wRs0,order_gKXQ9aXNkb2khR,upi,73600,221,40,captured,2025-05-10T07:12:49,setl_IHxDfqTYA8mSCY
pay_a2pAWSgNopQd7g,order_rQiNsLzuRWnzu8,upi,27600,83,15,captured,2025-05-10T17:35:46,setl_IHxDfqTYA8mSCY
pay_xEaLZhZkP74Tyl,order_XRM1IVRHv4Lzwn,card,688800,13776,2480,captured,2025-05-10T08:31:24,setl_cJzpAwRPB7eNu7
pay_MPAMMBhdJZfuvw,order_qnYIc3G7rEUN8e,card,866100,17322,3118,captured,2025-05-10T20:03:26,setl_cJzpAwRPB7eNu7
pay_AIsOWhOmAWq9sY,order_BsoGP6A7YnaQOx,card,10200,204,37,captured,2025-05-10T08:28:01,setl_cJzpAwRPB7eNu7
pay_hG9LZcVc6rNtN0,order_PPI8aJVVVRsHok,upi,2458982,7377,1328,captured,2025-05-10T21:54:03,setl_IHxDfqTYA8mSCY
pay_WJcwd4tr4W4Cyx,order_ir6zaCubJbXHIT,upi,27000,81,15,captured,2025-05-10T12:25:15,setl_IHxDfqTYA8mSCY
pay_WY5e8x3RVPdyH8,order_qtlhzUZIXxvg0a,upi,41300,124,22,captured,2025-05-10T13:59:49,setl_IHxDfqTYA8mSCY
pay_rM8bWrSl8iONXx,order_7MiSl7MybIPxd4,upi,9100,27,5,captured,2025-05-10T14:50:51,setl_IHxDfqTYA8mSCY
pay_TAX7P7mwY5bMLR,order_7CbXZt9EsrffMb,card,37686,754,136,captured,2025-05-10T18:35:29,setl_cJzpAwRPB7eNu7
pay_lVm9hUNKcilZoF,order_M09HFjRflDwAtH,upi,35500,107,19,captured,2025-05-10T15:11:09,setl_IHxDfqTYA8mSCY
pay_ukuLian1PtenRi,order_bJhZ2daCnU0aIO,upi,22730,68,12,refunded,2025-05-10T15:35:58,
pay_VRKienYnxxKYZK,order_jMmBZIGRJdwSqR,card,14000,280,50,captured,2025-05-10T15:15:32,setl_cJzpAwRPB7eNu7
pay_Ld7ZEOcpChDjD0,order_jMmBZIGRJdwSqR,wallet,14000,280,50,failed,2025-05-10T11:32:06,
pay_gYH5VZEADdn82g,order_pWgTxChTXVmE23,card,2288100,45762,8237,captured,2025-05-11T19:18:16,setl_j0hINPkbJOPZMm
pay_0xzaLNINwHycqY,order_UHtA1vZzMbY1jZ,upi,1168300,3505,631,captured,2025-05-11T14:56:57,setl_9zFkPplN9yMkFJ
pay_2UDEPYNQoYlhDl,order_2rrvioPmgpPWiq,netbanking,37200,632,114,captured,2025-05-11T12:37:06,setl_j0hINPkbJOPZMm
pay_hLmQMoXnG2RfP7,order_Bkcg372myLQgZ5,upi,1165900,3498,630,captured,2025-05-11T17:13:55,setl_9zFkPplN9yMkFJ
pay_LtdzTGjEjVHSrf,order_snJYn32k1CFkRb,card,106463,2129,383,captured,2025-05-11T14:24:52,setl_j0hINPkbJOPZMm
pay_lmr5FdsdWnEEyX,order_snJYn32k1CFkRb,upi,106463,319,57,failed,2025-05-11T17:38:10,
pay_8G4av4BGqpZjCx,order_E3dC5ELJ3lF1Fr,upi,37600,113,20,refunded,2025-05-11T19:39:50,
pay_MiJf3zytOPhPDL,order_94hpggcSCMDHq3,upi,66600,200,36,captured,2025-05-11T21:08:10,setl_9zFkPplN9yMkFJ
pay_71Ssc7A1Vr6ni3,order_CaAapTgQKak9lV,netbanking,1938900,32961,5933,captured,2025-05-12T14:47:03,setl_iQSPBi0CTt8zGA
pay_0PqbD0mcqBfpmF,order_JTgfCMH3pchE0a,upi,20800,62,11,captured,2025-05-12T14:15:25,setl_iQSPBi0CTt8zGA
pay_n1K5Xmp8WoQIo9,order_RBfdWCiH73KUx3,upi,8800,26,5,captured,2025-05-12T11:43:08,setl_iQSPBi0CTt8zGA
pay_1U9qyddjTE2GMC,order_Ua5hRspDCD7swk,upi,188600,566,102,captured,2025-05-12T19:52:56,setl_iQSPBi0CTt8zGA
pay_diMJkevem5gLIX,order_WGJB1hADZ0uyyM,card,79627,1593,287,captured,2025-05-12T08:25:48,setl_iQSPBi0CTt8zGA
pay_ouZvAhW2zGGJGs,order_gnzXXaTzvhmypB,upi,1118736,3356,604,captured,2025-05-12T20:20:13,setl_iQSPBi0CTt8zGA
pay_u96ZdtbfjbOaT4,order_wGO6l5Oe5fAzn2,upi,2207800,6623,1192,captured,2025-05-12T10:15:32,setl_iQSPBi0CTt8zGA
pay_mZOS8CPn9AJr8k,order_fsHEtcHCj4Wih9,card,113200,2264,408,captured,2025-05-12T16:43:12,setl_iQSPBi0CTt8zGA
pay_rj6AaR6RyxKehn,order_zOOlDxLMaDH0wv,upi,67600,203,37,captured,2025-05-12T21:40:13,setl_iQSPBi0CTt8zGA
pay_eg6DUdQY7RbDg6,order_vofkAhCMuxVVfG,wallet,16400,328,59,captured,2025-05-13T12:19:41,setl_pjBjCtsXlrgYOg
pay_2AaJxqXG5uZJTn,order_vofkAhCMuxVVfG,upi,16400,49,9,captured,2025-05-13T13:49:41,setl_pjBjCtsXlrgYOg
pay_T2tZToVpGLZ4gB,order_j1WZ9yAoGxzf7W,upi,14400,43,8,captured,2025-05-13T16:45:56,setl_pjBjCtsXlrgYOg
pay_RgeGj0wdWw3zRE,order_IEcI9iyKifUJof,upi,67700,203,37,captured,2025-05-13T20:03:32,setl_pjBjCtsXlrgYOg
pay_WZaCRLNMdypJcs,order_VLh2UyzdsKy2Bi,card,280300,5606,1009,captured,2025-05-13T11:33:21,setl_pjBjCtsXlrgYOg
pay_iWZaI760nYoKTT,order_xc2ciRHKL0M9IZ,upi,2882013,8646,1556,captured,2025-05-13T08:35:08,setl_pjBjCtsXlrgYOg
pay_30AxI79yLctiJL,order_xsQFnWcGO5L7yj,card,14500,290,52,captured,2025-05-13T20:16:59,setl_pjBjCtsXlrgYOg
pay_I2mpnLszwucA0W,order_UBpyMl4tgMNUnd,upi,93100,279,50,captured,2025-05-13T22:32:41,setl_pjBjCtsXlrgYOg
pay_dJvdOatgQ2GVWY,order_MNSuVLvKMYOvCE,upi,22600,68,12,captured,2025-05-13T09:54:40,setl_pjBjCtsXlrgYOg
pay_oIuNtEt8c2tkn8,order_dSw4wOxbSbwO9U,upi,49500,149,27,captured,2025-05-14T11:29:34,setl_Oz2WqDG2eWumM0
pay_92t6SY96MlFPbI,order_ZkDQmN0o3HKQBO,card,110600,2212,398,captured,2025-05-14T18:55:00,setl_Oz2WqDG2eWumM0
pay_3itVf5dRQErW2v,order_jLOBRr876oEmZf,netbanking,125400,2132,384,captured,2025-05-14T16:19:08,setl_Oz2WqDG2eWumM0
pay_9VHcsoOv4fsbAE,order_wbEmSu91fv9GIH,card,59700,1194,215,captured,2025-05-14T18:56:00,setl_Oz2WqDG2eWumM0
pay_ZgZQ9fuwozIY4Q,order_2AFY2f4GP9qdMa,upi,1017079,3051,549,captured,2025-05-14T18:28:43,setl_Oz2WqDG2eWumM0
pay_Z12PnPzDljeTKl,order_0YdNJVCxCeGIOt,upi,79300,238,43,captured,2025-05-14T08:50:13,setl_Oz2WqDG2eWumM0
pay_CNVz7WUuvx1Q1L,order_8fUCsNngyV7BvX,upi,20300,61,11,captured,2025-05-14T09:36:01,setl_Oz2WqDG2eWumM0
pay_SLpLx1xDuiGW5i,order_eZmZfKr9pl9JQ7,upi,469800,1409,254,captured,2025-05-14T17:16:37,setl_Oz2WqDG2eWumM0
pay_A1UnjIyQo3iwgo,order_eZmZfKr9pl9JQ7,card,469800,9396,1691,failed,2025-05-14T18:12:56,
pay_netssHGWAkg4on,order_pEMQ3WG2WCVPUX,upi,33100,99,18,captured,2025-05-14T08:28:48,setl_Oz2WqDG2eWumM0
pay_JuoxstepJub53V,order_SoKHwxKOhGh66l,netbanking,419400,7130,1283,captured,2025-05-15T14:18:23,setl_bXkglEtN1VDZc0
pay_PrcguC41t0z6Po,order_8uohY3zkhLGeAS,netbanking,53500,910,164,captured,2025-05-15T17:30:16,setl_bXkglEtN1VDZc0
pay_PpQUN7q01vGXhP,order_wcEHz3qj6OefFe,upi,590600,1772,319,captured,2025-05-15T17:11:30,setl_bXkglEtN1VDZc0
pay_EqEzm8I4r8OMEp,order_grHjUi9IWjJNAR,upi,168900,507,91,captured,2025-05-15T19:46:02,setl_bXkglEtN1VDZc0
pay_3RsvRBsTI4n064,order_8CfM8GiG5Q19bw,upi,1880400,5641,1015,captured,2025-05-15T14:53:56,setl_bXkglEtN1VDZc0
pay_41fXjVmGWPpqdI,order_VE4cNipsVtal3I,upi,34176,103,19,captured,2025-05-15T07:07:49,setl_bXkglEtN1VDZc0
pay_Rdx0xm5znoIEVt,order_wGsUZAv07TCy8c,wallet,36200,724,130,captured,2025-05-15T07:44:58,setl_bXkglEtN1VDZc0
pay_FyxoeNRoEZOxo8,order_NzgITQfFoDucbE,upi,97900,294,53,captured,2025-05-15T19:19:27,setl_bXkglEtN1VDZc0
pay_62gchq4sn9Bfh4,order_eCNAwF0koKAU87,upi,10200,31,6,captured,2025-05-15T11:25:53,setl_bXkglEtN1VDZc0
pay_fAPC9AF41H1vcZ,order_LmY1H1oIwaKKzB,upi,87900,264,48,captured,2025-05-15T19:29:20,setl_bXkglEtN1VDZc0
pay_dFafv8EUvCGnlT,order_Sn9LtMYGofd9V0,upi,212500,638,115,captured,2025-05-15T11:19:41,setl_bXkglEtN1VDZc0
pay_HhQAg1YCamNBQD,order_Stl8XKBngSdVfL,card,999609,19992,3599,captured,2025-05-16T12:47:40,setl_uq9Ql0HeACZEp5
pay_Ex9UtkOzcSOFXm,order_6bD7pi0ujphTrs,upi,1242900,3729,671,captured,2025-05-16T15:33:36,setl_XTSXES6E6pNBwN
pay_8XWc57m7haHerX,order_WVDJbQuWIELOtn,upi,24800,74,13,captured,2025-05-16T14:39:54,setl_XTSXES6E6pNBwN
pay_iNJO4vGPyGG2c0,order_SbsFtB7JHfSzPE,upi,249800,749,135,refunded,2025-05-16T13:31:28,
pay_ULVYlGaF53Yyik,order_m9YVhitALkbc4V,upi,18900,57,10,captured,2025-05-16T08:00:05,setl_XTSXES6E6pNBwN
pay_AsWfanFtlJCJHy,order_uKPdhewoSq99eT,upi,13300,40,7,captured,2025-05-16T08:08:35,setl_XTSXES6E6pNBwN
pay_zjAzcDmUtUGqLd,order_iw7i1T7oV6fceG,upi,10800,32,6,captured,2025-05-16T20:57:39,setl_XTSXES6E6pNBwN
pay_EpuFT3UTKATluD,order_Jx0LE02Govs2TZ,upi,55200,166,30,captured,2025-05-16T19:22:47,setl_XTSXES6E6pNBwN
pay_orGTJEwtTkjls7,order_WV1lX5UAJ1RSJi,upi,426700,1280,230,captured,2025-05-16T16:53:03,setl_XTSXES6E6pNBwN
pay_MWATYlOI07XH4g,order_fwT86ymC9JzgzH,upi,53284,160,29,captured,2025-05-16T07:06:26,setl_XTSXES6E6pNBwN
pay_Rkszu0gtafCBH3,order_J3XZfZzkUVVsP7,card,2346900,46938,8449,captured,2025-05-16T20:21:37,setl_uq9Ql0HeACZEp5
pay_A9iPu4Hiid62gI,order_q7IbpxilZLCapn,upi,13600,41,7,captured,2025-05-16T21:53:56,setl_XTSXES6E6pNBwN
pay_d2TirWEwEMxXLx,order_1in6rr9ooHV3T0,upi,387327,1162,209,captured,2025-05-16T08:18:09,setl_XTSXES6E6pNBwN
pay_8iqKBA6OzEGFgP,order_78wb8Ft4NSe3wH,netbanking,526100,8944,1610,captured,2025-05-17T12:58:25,setl_4DCGIBvlxPvyQX
pay_kAISx5Un260CEZ,order_NXWIAVZkRHDlTR,netbanking,1189400,20220,3640,captured,2025-05-17T10:23:14,setl_4DCGIBvlxPvyQX
pay_H7KfEi32reEvGp,order_FtERFqN6uxeVaX,upi,720200,2161,389,captured,2025-05-17T15:52:15,setl_4DCGIBvlxPvyQX
pay_TuC8NlDb4dpKBQ,order_yP8ZEK5vo8KAUh,card,165559,3311,596,captured,2025-05-17T18:12:20,setl_4DCGIBvlxPvyQX
pay_ciG5kEma1hccaC,order_6pk1a9DmRSctqO,card,22600,452,81,captured,2025-05-17T08:39:15,setl_4DCGIBvlxPvyQX
pay_EsHDhn8wJfJnCy,order_uFIQwBEDRHeHQb,netbanking,1163600,19781,3561,captured,2025-05-17T22:59:17,setl_4DCGIBvlxPvyQX
pay_LxF7NDV4jrPATs,order_203IZ357zEQweo,upi,168700,506,91,captured,2025-05-17T17:49:59,setl_4DCGIBvlxPvyQX
pay_FS0Nk8lsEc550B,order_vGONQdOQUHqFNM,upi,605431,1816,327,captured,2025-05-17T13:12:30,setl_4DCGIBvlxPvyQX
pay_NYrOblntdegw2j,order_CRCF5VQpBEo4O6,upi,208500,626,113,captured,2025-05-17T20:59:51,setl_4DCGIBvlxPvyQX
pay_M3RFYGbpcsAvvY,order_v1hTQD2ro05Aua,upi,832400,2497,449,captured,2025-05-17T22:25:53,setl_4DCGIBvlxPvyQX
pay_DINirqLzIyqBY5,order_u8RAvQUtc7469e,upi,51100,153,28,captured,2025-05-17T22:24:50,setl_4DCGIBvlxPvyQX
pay_k2NZMwXwWvqbUF,order_u8RAvQUtc7469e,card,51100,1022,184,captured,2025-05-17T23:34:50,setl_4DCGIBvlxPvyQX
pay_hi7HBWzYtiKWBO,order_cQimy4XZRDaCNF,upi,9900,30,5,captured,2025-05-17T15:11:08,setl_4DCGIBvlxPvyQX
pay_gZwUBOA3Xm1kwG,order_DVsqw0gy46orcW,card,1505800,30116,5421,captured,2025-05-17T08:00:18,setl_4DCGIBvlxPvyQX
pay_DV9F4OpOvc7eIw,order_DVsqw0gy46orcW,upi,1505800,4517,813,failed,2025-05-17T16:53:23,
pay_2kp7qfjMgwGbk5,order_NuGHCEmIcRBwVU,upi,1475900,4428,797,captured,2025-05-18T11:01:34,setl_8NHxZwfT3sxzmG
pay_BQOPVyoOw8eBz2,order_oUbN5X2xrrTsDb,upi,13900,42,8,captured,2025-05-18T07:45:31,setl_8NHxZwfT3sxzmG
pay_ycZe6XJY38PXFH,order_QBkzZ6stCXFDPR,card,986200,19724,3550,captured,2025-05-18T14:23:14,setl_8NHxZwfT3sxzmG
pay_WAf1kBxPxeRc4B,order_zfu5zpVyAx65NI,card,26500,530,95,captured,2025-05-18T16:11:45,setl_8NHxZwfT3sxzmG
pay_AdhpDIlnU5E9AS,order_VSy6jG8WeNDzlP,upi,28300,85,15,refunded,2025-05-18T20:58:55,
pay_zQKPwsX8X8rhie,order_Z4u5dqFlzumDv9,upi,191300,574,103,captured,2025-05-18T10:53:11,setl_8NHxZwfT3sxzmG
pay_eFwFYh0h2ksV7W,order_KpgHzEYyEAXNCm,upi,2285380,6856,1234,captured,2025-05-19T14:05:26,setl_w8jDzUTqhPXwVB
pay_5EPvzNkyrg8Tae,order_GbqePgSfNJB6JC,upi,920500,2762,497,captured,2025-05-19T17:17:40,setl_w8jDzUTqhPXwVB
pay_B8U58ZFQhGIlux,order_oxN5oki6bY0ZxI,upi,72300,217,39,captured,2025-05-19T07:53:41,setl_w8jDzUTqhPXwVB
pay_MvgBupkDRSPwud,order_wI91spxrkL7Dap,card,76300,1526,275,captured,2025-05-19T14:02:26,setl_w8jDzUTqhPXwVB
pay_HmygnT4G51Fq8p,order_FHVfq0KA2i0qkW,netbanking,1773500,30150,5427,captured,2025-05-19T14:12:47,setl_w8jDzUTqhPXwVB
pay_CTENxJS5PGsoVH,order_PvgyDFmMVcuzKH,upi,26709,80,14,captured,2025-05-19T18:37:08,setl_w8jDzUTqhPXwVB
pay_Vx9BG3ugASVjXt,order_R5dwsDl5jzS07d,upi,1438400,4315,777,captured,2025-05-19T21:07:52,setl_w8jDzUTqhPXwVB
pay_OXwmej0tdDb7hl,order_ZxUm1IiorrBaEd,upi,45100,135,24,captured,2025-05-19T17:39:31,setl_w8jDzUTqhPXwVB
pay_g9aaAZItL5TeN7,order_OT827E4ZLV1yb6,upi,26400,79,14,captured,2025-05-19T19:23:57,setl_w8jDzUTqhPXwVB
pay_3q27zTzvw88GaW,order_07evsf0g8deUPP,card,102400,2048,369,captured,2025-05-19T21:05:54,setl_w8jDzUTqhPXwVB
pay_fzWn7ZDtN2XgBF,order_li9ZURyguLoYa1,card,28426,569,102,captured,2025-05-19T10:54:10,setl_w8jDzUTqhPXwVB
pay_IGVmQu90RJYpkf,order_Sbl7X2nC3rXFlY,upi,-4088218,-12265,-2208,captured,2025-05-19T08:43:15,setl_w8jDzUTqhPXwVB
pay_7WNylPek1KmGFb,order_2SyXga4cSah21B,upi,27400,82,15,captured,2025-05-20T11:28:03,setl_PCpqGCg7BTt1n7
pay_xSk5BLDyik3OdA,order_S69gcpay2ghS2Z,upi,76800,230,41,captured,2025-05-20T21:26:10,setl_PCpqGCg7BTt1n7
pay_vsAkT2cJuG8lt2,order_7GpKemCPXObefo,upi,1632500,4898,882,captured,2025-05-20T16:14:56,setl_PCpqGCg7BTt1n7
pay_XvQQVUn3RvLtAw,order_TbBfrRlze6CirK,upi,74700,224,40,refunded,2025-05-20T21:50:13,
pay_zc93oCp7rjkbSm,order_NdG0mjcPjmGPPc,card,159657,3193,575,captured,2025-05-20T13:15:29,setl_PCpqGCg7BTt1n7
pay_DpDw6dss72VhEE,order_lO0yUyVbpIP5M3,upi,39800,119,21,captured,2025-05-20T10:21:35,setl_PCpqGCg7BTt1n7
pay_nOLfE9EUGafJG1,order_e2KRC1YVvm0iLb,upi,117800,353,64,captured,2025-05-20T11:36:04,setl_PCpqGCg7BTt1n7
pay_7Y1b6TsV2U3XAV,order_QX2f4YxL5Aav1T,card,53200,1064,192,captured,2025-05-21T22:08:09,setl_zkGYMq2dt30OrN
pay_h9o40COuJgDyDn,order_LIzFnRQ3SH3SN6,upi,2761891,8286,1491,captured,2025-05-21T08:27:46,setl_zkGYMq2dt30OrN
pay_Trp6NKFVnsLiAD,order_beRYDbig0sa0mB,card,335000,6700,1206,captured,2025-05-21T14:44:32,setl_zkGYMq2dt30OrN
pay_EVzNgArR4UQKPz,order_pdmFHbVeg8QOJT,card,1806400,36128,6503,captured,2025-05-21T14:58:38,setl_zkGYMq2dt30OrN
pay_HeXTgCBvR0ngBH,order_PGNeAGzHo7tQiw,card,201400,4028,725,captured,2025-05-21T10:47:48,setl_zkGYMq2dt30OrN
pay_trVtFjv91yXmQ1,order_uzfOUC0knwNRhW,upi,22300,67,12,captured,2025-05-21T20:38:24,setl_zkGYMq2dt30OrN
pay_7ymtf0JrWH6Vnv,order_QiW5G25WGgp3Ay,netbanking,1720300,29245,5264,captured,2025-05-21T14:56:37,setl_zkGYMq2dt30OrN
pay_18itgJ6y5mNfNV,order_ZUem0FAYzQ0Ssy,upi,19700,59,11,captured,2025-05-21T16:03:18,setl_zkGYMq2dt30OrN
pay_ECFKa5ij0ftt3E,order_LkOAuRVeyqJy1r,card,1952100,39042,7028,captured,2025-05-21T10:39:58,setl_zkGYMq2dt30OrN
pay_MmyuWUmnc8p5pL,order_CEJuZu6QVXr5Gu,upi,534500,1604,289,captured,2025-05-21T20:47:26,setl_zkGYMq2dt30OrN
pay_d1yLti8aARgt5r,order_e60ed40BkPgh6g,card,48800,976,176,captured,2025-05-22T18:22:00,setl_0Letj9yrokVRIP
pay_RcW9m5Knfn06jF,order_JLTIRkY5UCXvqu,card,1443500,28870,5197,captured,2025-05-22T12:16:20,setl_0Letj9yrokVRIP
pay_LIORvee8qVtDYp,order_3oNIGm8WoqDV63,upi,831300,2494,449,captured,2025-05-22T08:01:06,setl_0Letj9yrokVRIP
pay_gK3lnaYLkqVRrj,order_8oVVpMONXVaSay,card,46500,930,167,captured,2025-05-22T17:08:38,setl_0Letj9yrokVRIP
pay_7LS2Rd0MAFuyhu,order_pciaghHRT8pGf3,upi,8400,25,5,captured,2025-05-22T09:57:54,setl_0Letj9yrokVRIP
pay_3jaDLQXL5gv4HB,order_65aLynMlteovLe,upi,85100,255,46,refunded,2025-05-22T16:57:11,
pay_HRy0soSOgovxho,order_GKllQTjV8VclNk,card,147514,2950,531,refunded,2025-05-22T22:15:46,
pay_BjWlmkWS0nux0C,order_pPrTBCDBpK8dFs,card,45500,910,164,captured,2025-05-22T21:37:36,setl_0Letj9yrokVRIP
pay_QhF6OMqE49dWEp,order_1vNRByLU3I3zzd,upi,2153200,6460,1163,captured,2025-05-22T15:17:58,setl_0Letj9yrokVRIP
pay_vK5LzFGg2AGLXn,order_AuITVN5vzxihLt,netbanking,676100,11494,2069,captured,2025-05-23T16:41:27,setl_ThfRnt3B1d0VhM
pay_sg86L2n7iCuAvM,order_vXTcgrPzYRCt0g,card,1584500,31690,5704,captured,2025-05-23T17:22:38,setl_ThfRnt3B1d0VhM
pay_zMHI18EjjQO1lq,order_xd0HzC7C8x1LXU,upi,208200,625,113,captured,2025-05-23T08:39:30,setl_ThfRnt3B1d0VhM
pay_DmM1NI8YRt4AuF,order_iIuMOq5LqpQBDP,upi,171800,515,93,captured,2025-05-23T13:34:58,setl_ThfRnt3B1d0VhM
pay_IaQg5RSzsVEjAv,order_1KgxdhXpPK2CwK,upi,265300,796,143,captured,2025-05-23T21:18:23,setl_ThfRnt3B1d0VhM
pay_PKDnAs9lo5vWxw,order_OG85jh5FmblvcS,upi,253600,761,137,captured,2025-05-23T19:24:51,setl_ThfRnt3B1d0VhM
pay_LjfGVOW36BakoY,order_Vlf2Ihl5hglpxE,card,36000,720,130,captured,2025-05-23T12:31:10,setl_ThfRnt3B1d0VhM
pay_A9VycIpBdAKED6,order_SuY9Gb9FyHfIMi,card,41529,831,150,captured,2025-05-23T19:58:56,setl_ThfRnt3B1d0VhM
pay_mjML8LouLJOLvT,order_mVoPcsNr6CUD8B,netbanking,84400,1435,258,captured,2025-05-23T07:36:27,setl_ThfRnt3B1d0VhM
pay_9yhGHzwpf8Bzz2,order_4JdjXcdsxrgf1l,upi,124700,374,67,captured,2025-05-23T13:02:17,setl_ThfRnt3B1d0VhM
pay_ZaKVeoaHFM6aHO,order_5WQeCI0ytHWE67,upi,41000,123,22,captured,2025-05-24T14:53:33,setl_J2PMBkXBpQ0QcT
pay_lw7RtVmNJCmmXH,order_S6bxesl8fUjL1Q,netbanking,1492800,25378,4568,captured,2025-05-24T12:26:37,setl_71LwpeWkyrPT0d
pay_QRnNlN856N4kfX,order_9Q8v4pYyRXgp2K,upi,12000,36,6,captured,2025-05-24T08:41:31,setl_J2PMBkXBpQ0QcT
pay_9JpMbQIviFX4pE,order_gg42iEpMfU1ym9,netbanking,29600,503,91,captured,2025-05-24T17:18:31,setl_71LwpeWkyrPT0d
pay_Yndt2mt8JE08ZH,order_uc3Y051ZDDN89Y,upi,14200,43,8,captured,2025-05-24T14:27:13,setl_J2PMBkXBpQ0QcT
pay_JWsvue1jhRsJh8,order_LWVZmRrKL4Rrqo,upi,26200,79,14,captured,2025-05-24T17:02:23,setl_J2PMBkXBpQ0QcT
pay_LlzvxL4uxmcJgi,order_PhbZIapIS11wWR,card,127700,2554,460,captured,2025-05-24T10:37:34,setl_71LwpeWkyrPT0d
pay_LOogoBiOtt9WNY,order_DafszWrfhsiOte,upi,23200,70,13,captured,2025-05-24T11:35:48,setl_J2PMBkXBpQ0QcT
pay_n4AXNTGajjX7n4,order_goiU9Iibnu05kD,card,39600,792,143,captured,2025-05-24T22:55:24,setl_71LwpeWkyrPT0d
pay_6MTf1osUJxufbO,order_7062Y8u6ZaligO,upi,146700,440,79,captured,2025-05-24T13:35:53,setl_J2PMBkXBpQ0QcT
pay_1vGo9DgKMBRdPr,order_Ldb92iJxwu1YYW,card,690900,13818,2487,captured,2025-05-24T22:31:12,setl_71LwpeWkyrPT0d
pay_TiGQZ73tDzlHkP,order_NdZKlITVW3ymyK,upi,20300,61,11,captured,2025-05-24T19:18:02,setl_J2PMBkXBpQ0QcT
pay_JrZXOirK1Q9U4p,order_o1Quwa5132NBAG,card,1812500,36250,6525,captured,2025-05-24T10:33:53,setl_71LwpeWkyrPT0d
pay_hlxHpHnH3e7Bzw,order_mwjZRc1UYqLqcD,card,951800,19036,3426,captured,2025-05-25T21:54:57,setl_ciyVqcLWrN0Hl8
pay_OGqIoIjoDiLLdG,order_mwjZRc1UYqLqcD,netbanking,951800,16181,2913,failed,2025-05-25T21:44:17,
pay_hnfSg6njr02vri,order_lj3ekzVZleuIDC,upi,19600,59,11,captured,2025-05-25T17:04:01,setl_ciyVqcLWrN0Hl8
pay_yOmEHeYF0Meoy5,order_5fTV12a0g1N1mr,upi,55500,167,30,captured,2025-05-25T15:39:45,setl_ciyVqcLWrN0Hl8
pay_SI4uMKyYcn0qJj,order_EFVZR3E4NoHw9f,wallet,126400,2528,455,captured,2025-05-25T11:40:39,setl_ciyVqcLWrN0Hl8
pay_hTY8v9MdcBVsgE,order_WfBOxAEbtxLHFY,upi,14839,45,8,captured,2025-05-25T07:09:05,setl_ciyVqcLWrN0Hl8
pay_10tFNrcTMcUorC,order_qK7HxdR5rW2XkO,card,72200,1444,260,captured,2025-05-26T11:15:43,setl_pkUKsD3gdPcVxQ
pay_8ecgV7elFB5Nc1,order_wt4zjqoopTHDYn,card,183456,3669,660,captured,2025-05-26T20:15:04,setl_pkUKsD3gdPcVxQ
pay_SJEtN5WmTtERLO,order_9Ds7HzaJ1zRqj3,upi,26000,78,14,captured,2025-05-26T11:48:05,setl_pkUKsD3gdPcVxQ
pay_ocw3fm5TZUoKI5,order_AX0DfwgU3Pkcqt,upi,37600,113,20,captured,2025-05-26T09:43:35,setl_pkUKsD3gdPcVxQ
pay_u5PBWzfHm1HwaO,order_bnx3O3sdOgcY1b,upi,48468,145,26,captured,2025-05-26T17:58:43,setl_pkUKsD3gdPcVxQ
pay_li4bEAN8MmVinb,order_WR23S2OdW69qyD,card,33500,670,121,captured,2025-05-26T17:49:05,setl_pkUKsD3gdPcVxQ
pay_uqMpcUFoJlAjoV,order_VJgfTQI4FRVTgk,upi,89600,269,48,captured,2025-05-26T13:39:17,setl_pkUKsD3gdPcVxQ
pay_JOAioujMEQi48K,order_23GuTVMpD1kTVN,upi,-200860,-603,-109,captured,2025-05-26T09:49:13,setl_pkUKsD3gdPcVxQ
pay_Q6shUpmDy9KoFk,order_OTj84gVc65uoXu,card,579100,11582,2085,captured,2025-05-27T16:44:49,setl_FSGyHOANDrzj2U
pay_5QgCD8sAVY8oVe,order_OTj84gVc65uoXu,upi,579100,1737,313,failed,2025-05-27T11:54:28,
pay_QOCqg63H4IkSHc,order_rTbpjq15KFPNXA,upi,253117,759,137,captured,2025-05-27T12:47:17,setl_haAaQMnAH8n7pq
pay_vUiRjrIIVIo36A,order_7RITelkc5pF4k4,upi,318500,956,172,captured,2025-05-27T22:07:15,setl_haAaQMnAH8n7pq
pay_AB1PmKezaLiwsd,order_eVVtGgitFPE1pi,upi,350800,1052,189,captured,2025-05-27T20:45:08,setl_haAaQMnAH8n7pq
pay_QPLq8OC4RmFI35,order_61qIWl4Vor1FPw,card,27400,548,99,captured,2025-05-27T09:29:22,setl_FSGyHOANDrzj2U
pay_Dssz9mw383O09f,order_t4tiKMlZGgnNZs,card,12400,248,45,captured,2025-05-27T16:41:55,setl_FSGyHOANDrzj2U
pay_UcLgZTSXsfsoRh,order_60ilWgBJ3s8l6A,card,401100,8022,1444,captured,2025-05-27T21:10:36,setl_FSGyHOANDrzj2U
pay_Mnr4oK2Ynjdtn0,order_FjbHBBOoae80WM,card,171500,3430,617,captured,2025-05-27T15:17:09,setl_FSGyHOANDrzj2U
pay_8DCL15tEwk2q42,order_qdcO0bCUqhMlgh,upi,114700,344,62,captured,2025-05-27T13:04:38,setl_haAaQMnAH8n7pq
pay_PrqZFyyRPaHHBy,order_gEQ4FyZzOj2vXk,upi,234600,704,127,captured,2025-05-28T19:20:00,setl_jnuri38fo7sMjC
pay_TlqkQ6xzLUCXfq,order_EZ1MuWMZY9Krdn,upi,90200,271,49,captured,2025-05-28T19:44:11,setl_jnuri38fo7sMjC
pay_PRxWKOsDUf1Qoy,order_NTiTwpIRmGODqR,netbanking,2319900,39438,7099,captured,2025-05-28T22:43:00,setl_hVLunKHzRsIHI9
pay_QiteUpIDhXNyyL,order_lreMUGD5X6iEoe,card,401500,8030,1445,captured,2025-05-28T13:51:21,setl_hVLunKHzRsIHI9
pay_qfbczwAD2bhCtM,order_MDn5cu51jDV5PT,netbanking,102100,1736,312,captured,2025-05-28T10:10:38,setl_hVLunKHzRsIHI9
pay_mHTM8xwjtMtWEU,order_uxkXPMM6F2GYtB,upi,139100,417,75,captured,2025-05-28T14:26:35,setl_jnuri38fo7sMjC
pay_nV8rgUEMvc2QoX,order_UnncJbd3J03LjU,card,2357500,47150,8487,captured,2025-05-28T09:19:10,setl_hVLunKHzRsIHI9
pay_cZx5PR9yzJTesJ,order_qWQkYbXhqWhz93,netbanking,412247,7008,1261,captured,2025-05-28T14:46:54,setl_hVLunKHzRsIHI9
pay_jlBVng0rQgzgZm,order_qWQkYbXhqWhz93,upi,412247,1237,223,failed,2025-05-28T16:46:33,
pay_GyPF0GdryUS8WC,order_fxfmHeOBXYnEfQ,netbanking,447000,7599,1368,captured,2025-05-28T10:53:11,setl_hVLunKHzRsIHI9
pay_aMSWcTAjaRlxbW,order_7Xfic7BtSt6uGT,upi,8900,27,5,captured,2025-05-29T20:08:28,setl_H3UnuOiQ3c6KS1
pay_wDTOpbbTivdngl,order_sQ8HzALkjU5trn,upi,750400,2251,405,captured,2025-05-29T21:08:33,setl_H3UnuOiQ3c6KS1
pay_FfdDeppb5UFxr2,order_yfTwjOpKn4iGmW,upi,1297900,3894,701,captured,2025-05-29T20:02:09,setl_H3UnuOiQ3c6KS1
pay_zjKCjSltxoB9U5,order_LZJdpzSoC9le8B,upi,2075700,6227,1121,captured,2025-05-29T15:42:21,setl_H3UnuOiQ3c6KS1
pay_HAbvBiYzVPaKMi,order_HU58kxeA5OA9Iz,card,40900,818,147,captured,2025-05-29T22:41:16,setl_H3UnuOiQ3c6KS1
pay_l62jOF2LZTlQF9,order_8oT79fhSXtDeNV,netbanking,376500,6401,1152,captured,2025-05-29T11:04:22,setl_H3UnuOiQ3c6KS1
pay_zcys6kO2cQE3lK,order_QeskwuTyisP6sQ,upi,14500,44,8,captured,2025-05-29T17:01:48,setl_H3UnuOiQ3c6KS1
pay_S7H5FQDPVKdNK1,order_sMil2GDoWPue4P,upi,1213600,3641,655,captured,2025-05-29T09:27:08,setl_H3UnuOiQ3c6KS1
pay_s8FZVpyxfIRfmS,order_os11MWYOSwtRNc,card,559400,11188,2014,captured,2025-05-29T09:11:15,setl_H3UnuOiQ3c6KS1
pay_YIqSyF0240ozbA,order_dTcLrHwSIWQK34,upi,2752500,8258,1486,captured,2025-05-29T14:53:44,setl_H3UnuOiQ3c6KS1
pay_mNu7uhbqoty1ra,order_dTcLrHwSIWQK34,upi,2752500,8258,1486,captured,2025-05-29T15:08:44,setl_H3UnuOiQ3c6KS1
pay_zbwrqp4JO0kqzZ,order_JXSwE7pKm78CfF,card,75000,1500,270,captured,2025-05-29T21:51:48,setl_H3UnuOiQ3c6KS1
pay_PjIGY69SXasrT8,order_JXSwE7pKm78CfF,card,75000,1500,270,failed,2025-05-29T22:22:38,
pay_CJpozK0Ab57BZa,order_9iEA7hpEbOxzkg,wallet,24500,490,88,captured,2025-05-29T15:30:36,setl_H3UnuOiQ3c6KS1
pay_7UvRIP64PnnGvu,order_6ymtFAfv2SJCfy,upi,88200,265,48,captured,2025-05-29T08:29:58,setl_H3UnuOiQ3c6KS1
pay_3y2kjHT1C4ZjMK,order_WkREX4CXOoblRF,card,377800,7556,1360,captured,2025-05-29T18:09:50,setl_H3UnuOiQ3c6KS1
pay_0QVwrL7mXH0BDH,order_cc9ehxgp7y8OAA,upi,1468507,4406,793,captured,2025-05-30T22:15:40,setl_NbJ2qTME2hCE3K
pay_fpYal02Nk2kHx7,order_GEgQPrCf0LM3Qi,card,151900,3038,547,captured,2025-05-30T19:38:06,setl_NbJ2qTME2hCE3K
pay_vrtIwpAxxt547x,order_TIWj6xSbsC3OkY,upi,26200,79,14,captured,2025-05-30T15:36:20,setl_NbJ2qTME2hCE3K
pay_i4ximN49FbQ3IP,order_yKEiD7BdQCbhoe,card,69334,1387,250,captured,2025-05-30T10:39:28,setl_NbJ2qTME2hCE3K
pay_3iWUY15YfxpOBq,order_dXVa1KOnVrTMrS,upi,8700,26,5,captured,2025-05-30T10:02:19,setl_NbJ2qTME2hCE3K
pay_Di60Nz47TGEj2j,order_RKozVNtOgp6QP2,netbanking,1846700,31394,5651,captured,2025-05-30T13:14:34,setl_NbJ2qTME2hCE3K
pay_rEkRUzT9csZrUq,order_cIuIwll1nv10EB,upi,472100,1416,255,captured,2025-05-30T18:06:28,setl_NbJ2qTME2hCE3K
pay_pxY9YeGOVsdsOw,order_S2lAXYfy5YuRsw,upi,24900,75,14,captured,2025-05-30T07:26:40,setl_NbJ2qTME2hCE3K
pay_YLLbtSKdnqg3xD,order_uOeyPDvkc52Gzw,card,19500,390,70,captured,2025-05-30T13:36:49,setl_NbJ2qTME2hCE3K
pay_ASiYmssSc2UFoy,order_HGOK4PJs7s3WPt,upi,109400,328,59,captured,2025-05-30T12:13:05,setl_NbJ2qTME2hCE3K
pay_WvZdj7ez07nFyT,order_kBUMxiuQ9eJtz6,wallet,10900,218,39,captured,2025-05-30T08:28:48,setl_NbJ2qTME2hCE3K
pay_50PwJTZBEGUck7,order_uvxWIxkRffkFqt,netbanking,28500,485,87,captured,2025-05-30T08:59:50,setl_NbJ2qTME2hCE3K
pay_6b9141fCctrNtd,order_H7cwpUpxjCOpMH,upi,475800,1427,257,captured,2025-05-30T10:10:51,setl_NbJ2qTME2hCE3K
pay_KCUmslpmNSwgA0,order_KvXjHLIQrT1mPw,card,16575,332,60,captured,2025-05-31T10:03:47,setl_16hUKEDHfsQSsm
pay_Vb2cMFkbCnE1FX,order_cj2k7tQBMlAoqL,card,196700,3934,708,captured,2025-05-31T07:10:48,setl_16hUKEDHfsQSsm
pay_FgDl9m3by0fi7t,order_q15cTCcyo3LA29,card,28000,560,101,captured,2025-05-31T19:44:46,setl_16hUKEDHfsQSsm
pay_OCYjxIurQNp9Yb,order_h7qUcUWRxwXABs,netbanking,636600,10822,1948,captured,2025-05-31T17:03:42,setl_16hUKEDHfsQSsm
pay_TTCEMva6imY9Af,order_ub6jNz6PQyM3Yq,wallet,517000,10340,1861,captured,2025-05-31T09:07:32,setl_16hUKEDHfsQSsm
pay_vQXKiWijudgksT,order_kon0WljfrCY1jL,wallet,96900,1938,349,captured,2025-05-31T09:29:31,setl_16hUKEDHfsQSsm
pay_yMrrx5RNvwziY8,order_c14pLHve44EG55,upi,38500,116,21,captured,2025-05-31T20:02:42,setl_16hUKEDHfsQSsm
pay_h6LYjAoUwSDw0k,order_A6QF74syXfpqt0,upi,639000,1917,345,captured,2025-05-31T19:17:08,setl_16hUKEDHfsQSsm
pay_ndzoI6dCGc5Juv,order_662UHC76em312j,card,128677,2574,463,captured,2025-05-31T16:20:19,setl_16hUKEDHfsQSsm
pay_dIoXKBXbK8dPIs,order_Sr7SB1UDyJXtEJ,card,16300,326,59,captured,2025-05-31T12:58:54,setl_16hUKEDHfsQSsm
pay_9Oy5srnJzUO4Ph,order_rvWHNo2CRq6pOI,upi,41500,125,23,captured,2025-05-31T20:21:18,setl_16hUKEDHfsQSsm
pay_8GZLDAI50tSrhF,order_rvWHNo2CRq6pOI,upi,41500,125,23,failed,2025-05-31T16:59:44,
pay_a8joStmP0vTfae,order_5V71Cvmr8oqVv8,card,556200,11124,2002,captured,2025-05-31T20:27:35,setl_16hUKEDHfsQSsm
pay_frlLeQOHLCHQBf,order_bNbDVI5gO0ZMD5,upi,1090400,3271,589,captured,2025-05-31T07:10:10,setl_16hUKEDHfsQSsm
pay_bU7jO3pvUizM85,order_L0avCq1jPGz1cG,card,8500,170,31,captured,2025-05-31T17:52:28,setl_16hUKEDHfsQSsm
pay_wOqvuZt2nvXKat,order_a6efm6ETdQ8O6h,netbanking,240800,4094,737,captured,2025-05-31T17:39:35,setl_16hUKEDHfsQSsm
pay_XnQj2FNS2d2Rbe,order_9oH59UAAqXtsIo,upi,17000,51,9,captured,2025-05-31T12:45:31,setl_16hUKEDHfsQSsm
pay_JWA2u2LPF3BQf0,order_4Z1xjraiPL5Zuw,upi,141800,425,77,captured,2025-05-31T20:28:52,setl_16hUKEDHfsQSsm
pay_ZZZWI6QAkA7baU,order_JSG1Io2MH516Hu,upi,206400,619,111,captured,2025-06-01T21:36:30,setl_VhZu6f6hBfBhRT
pay_WgutmPtqOaviu1,order_gg0vVmhDzkdR7m,wallet,12300,246,44,captured,2025-06-01T21:10:51,setl_6yPrPteGeQj9DL
pay_CKFLp0QFVwT8Kd,order_LBl0ZozTSXbsGf,card,301900,6038,1087,captured,2025-06-01T11:00:39,setl_6yPrPteGeQj9DL
pay_zesTpgOIjNhdsI,order_iWv36EVuCna5Ox,card,1244172,24883,4479,captured,2025-06-01T07:11:35,setl_6yPrPteGeQj9DL
pay_ZdDVxvuE8FBgGA,order_UJ9uPQU5OgcH7j,upi,1212100,3636,654,captured,2025-06-01T17:33:47,setl_VhZu6f6hBfBhRT
pay_5w8xEXZZpElyVm,order_5tfNWPsqdo6Kag,upi,108500,326,59,captured,2025-06-01T09:31:51,setl_VhZu6f6hBfBhRT
pay_TL98b7zmwivXhZ,order_uNr5DQ8HUQACM4,card,1244700,24894,4481,captured,2025-06-02T16:12:42,setl_qHcqVMuQWx4XE1
pay_wOz57Wu7XisYyz,order_tgc0Lk8Nm0dhb7,wallet,51600,1032,186,captured,2025-06-02T13:44:22,setl_qHcqVMuQWx4XE1
pay_19JOrtB0PwK7TD,order_VtaXEdKAWuuCqz,upi,584400,1753,316,captured,2025-06-02T10:31:53,setl_qHcqVMuQWx4XE1
pay_WrfGINxAa6iTRn,order_8nQ8zULyObQbq2,card,402300,8046,1448,captured,2025-06-02T20:31:05,setl_qHcqVMuQWx4XE1
pay_LwvBY4Y7STa3lY,order_nkLj8he7uatQPU,card,145000,2900,522,captured,2025-06-02T22:11:42,setl_qHcqVMuQWx4XE1
pay_dxKAMJHbO40KNZ,order_6nzpEbEAyfrziv,card,25600,512,92,captured,2025-06-02T07:51:29,setl_qHcqVMuQWx4XE1
pay_uiH2q7CeBEBLno,order_07O4igqp4Nqqsa,card,1543000,30860,5555,captured,2025-06-02T12:40:32,setl_qHcqVMuQWx4XE1
pay_6WCg3IknPoymmq,order_ezE3Hci0KlWV7T,upi,247900,744,134,captured,2025-06-02T22:48:20,setl_qHcqVMuQWx4XE1
pay_nhtc4cbB3WBayn,order_EvtcNLjpJrSmww,card,1805900,36118,6501,captured,2025-06-02T09:23:10,setl_qHcqVMuQWx4XE1
pay_tAKHmbpuwE5650,order_d5gzeedgGBFroP,card,1448128,28963,5213,captured,2025-06-03T09:33:25,setl_FczN44pxVM3pX2
pay_CjcSv0zZv3oHrM,order_nSuSwxrsktZhF2,netbanking,17500,298,54,captured,2025-06-03T18:15:27,setl_FczN44pxVM3pX2
pay_arzrw1xSVGrJOm,order_bu6ZoBKVVulYOx,netbanking,10600,180,32,captured,2025-06-03T12:51:56,setl_FczN44pxVM3pX2
pay_tyHelSVzoXrLTT,order_2h96WfVi2sQZuY,netbanking,357000,6069,1092,captured,2025-06-03T21:43:22,setl_FczN44pxVM3pX2
pay_Ru1z8YIdv6dTCV,order_5HZcfE3v5CiLim,wallet,539500,10790,1942,captured,2025-06-03T10:35:31,setl_FczN44pxVM3pX2
pay_8rVhulC6LOOR4C,order_G7gBtYUQFrvLES,upi,13700,41,7,captured,2025-06-03T11:31:58,setl_FczN44pxVM3pX2
pay_CmwVkXXyBMS1aQ,order_aBKblFPzeAVrl1,upi,231100,693,125,captured,2025-06-03T12:00:27,setl_FczN44pxVM3pX2
pay_x7dLglHKqcA37O,order_KngX2rJ3EuqrJH,upi,927716,2783,501,captured,2025-06-03T16:36:29,setl_FczN44pxVM3pX2
pay_mfVACgX2iL6NTi,order_1QeKskkuHKNUgO,upi,15300,46,8,captured,2025-06-04T10:38:03,setl_u4CgUHArCowcE2
pay_t0nbXURCwboebZ,order_2IgcXFxTfEwOvk,upi,82457,247,44,captured,2025-06-04T07:13:57,setl_u4CgUHArCowcE2
pay_WAz1lHgVmPZgiF,order_Kwos2m7TxM0OMN,netbanking,51200,870,157,captured,2025-06-04T08:46:42,setl_u4CgUHArCowcE2
pay_nj3XnHIbbcqQ8S,order_4oAhGvqvXkduJH,upi,1218500,3656,658,captured,2025-06-04T22:34:21,setl_u4CgUHArCowcE2
pay_8JHd5DHm9hakMS,order_ylFOv9tkz9BI49,upi,661600,1985,357,captured,2025-06-04T17:09:03,setl_u4CgUHArCowcE2
pay_LdWeCpu3qg7f4i,order_V0z6mZ1OLXHDw5,upi,11800,35,6,captured,2025-06-04T19:32:53,setl_u4CgUHArCowcE2
pay_TWmJcVeQALMMRs,order_6jXnzPQ5q88GVP,netbanking,2441600,41507,7471,captured,2025-06-04T12:33:06,setl_u4CgUHArCowcE2
pay_PGfMInCjQYBTUR,order_bVvKUbpqozJBcG,card,57900,1158,208,captured,2025-06-05T21:18:06,setl_qnO6kHYqPI6nl8
pay_JqIMPPJwxeyqGC,order_5ZjDSBWLwvi3V1,card,1929900,38598,6948,captured,2025-06-05T18:32:39,setl_qnO6kHYqPI6nl8
pay_6xYfhX3Qh1tErp,order_DpH7vno409w6D9,upi,727700,2183,393,captured,2025-06-05T15:23:45,setl_qnO6kHYqPI6nl8
pay_NBvQGx7SRI7LNL,order_0KIPBCnMlMWcM2,upi,26800,80,14,refunded,2025-06-05T09:12:15,
pay_iaBdZU80Qo7OrT,order_k87yCHPXB86PJO,netbanking,8700,148,27,captured,2025-06-05T13:27:29,setl_qnO6kHYqPI6nl8
pay_2zSKYnzRlsqnpl,order_Np2AkddRariOcx,upi,488350,1465,264,captured,2025-06-05T18:48:20,setl_qnO6kHYqPI6nl8
pay_1tMNcQllJTbynh,order_Np2AkddRariOcx,upi,488350,1465,264,failed,2025-06-05T13:16:04,
pay_1ZdX7yzXjROAJV,order_i3ezjV2e1Fpn8g,upi,17600,53,10,captured,2025-06-05T20:16:12,setl_qnO6kHYqPI6nl8
pay_So3DxpHwr0y0O5,order_AekcXSDn6ZBGQy,card,176500,3530,635,captured,2025-06-05T08:42:58,setl_qnO6kHYqPI6nl8
pay_Z8MWLRxgUoPeYZ,order_LfsG11XCXatnn7,upi,185600,557,100,captured,2025-06-05T15:21:16,setl_qnO6kHYqPI6nl8
pay_aR6R5GqQrbrQx9,order_z75bYK2e67O9Z3,card,27100,542,98,captured,2025-06-05T07:23:09,setl_qnO6kHYqPI6nl8
pay_OMB6Fe0l3bUqCa,order_AIvBHXPTvFEAX6,card,50964,1019,183,captured,2025-06-06T18:16:10,setl_LXBmnUFBXfpRvE
pay_lEleDLi0ofCBQC,order_AOzO8u6m8GAwOs,upi,1303000,3909,704,captured,2025-06-06T15:56:07,setl_LXBmnUFBXfpRvE
pay_U5tALWLSues84v,order_MCiEOvA2NrCWAw,upi,43000,129,23,captured,2025-06-06T10:29:09,setl_LXBmnUFBXfpRvE
pay_yWfJpLnNpuU2c0,order_MCiEOvA2NrCWAw,card,43000,860,155,failed,2025-06-06T20:28:39,
pay_QbgGwtiDGn6EBW,order_w0wQAYaB7FKwF5,upi,2464900,7395,1331,captured,2025-06-06T08:30:52,setl_LXBmnUFBXfpRvE
pay_xrlaVdsn3liFJ5,order_r0jQ09km4Qkzda,upi,2044000,6132,1104,captured,2025-06-06T12:27:22,setl_LXBmnUFBXfpRvE
pay_8z00N3WzAeS14E,order_gUFI83guAdZlhl,upi,26100,78,14,refunded,2025-06-06T09:04:41,
pay_xyQ2ClfdlxBpMb,order_KDcMtkSV5KVpf1,netbanking,145537,2474,445,captured,2025-06-06T11:46:25,setl_LXBmnUFBXfpRvE
pay_rJb9slhAEaq1c3,order_DrA9uHv0YWegJw,card,176000,3520,634,captured,2025-06-06T14:09:15,setl_LXBmnUFBXfpRvE
pay_DPm9lleKajStV3,order_hi0bHEvI2D7ZZw,card,9391,188,34,captured,2025-06-06T07:01:48,setl_LXBmnUFBXfpRvE
pay_x8YrXgbPUOAYi7,order_4gDXe03hpVpxys,card,78700,1574,283,captured,2025-06-06T19:00:59,setl_LXBmnUFBXfpRvE
pay_HggK45lCae6cu6,order_4gDXe03hpVpxys,upi,78700,236,42,failed,2025-06-06T11:53:07,
pay_w9dYjvYCTs340V,order_xkbYJDlRrL1NOl,netbanking,741979,12614,2271,captured,2025-06-06T21:40:04,setl_LXBmnUFBXfpRvE
pay_2ZerC4xsiPgQjK,order_HhlKpIOywKPSku,netbanking,2906800,49416,8895,captured,2025-06-07T10:47:25,setl_tAYBt2FClX2ZwW
pay_VIOcgGnjzOpa0t,order_Au3KX36bqJu172,upi,2315300,6946,1250,captured,2025-06-07T14:05:29,setl_tAYBt2FClX2ZwW
pay_Xz3t6auLn2Zvxi,order_MlzBNlfmEHVTjx,upi,195500,587,106,captured,2025-06-07T14:25:37,setl_tAYBt2FClX2ZwW
pay_RCcn7mnNLm41S7,order_GPogeFSG75GHX3,card,138400,2768,498,captured,2025-06-07T18:43:50,setl_tAYBt2FClX2ZwW
pay_Jxt2dOL7qJ9nWS,order_AnSW9sMY1wruif,upi,61000,183,33,captured,2025-06-07T14:52:26,setl_tAYBt2FClX2ZwW
pay_fceL1QlwclIZHd,order_AnSW9sMY1wruif,upi,61000,183,33,failed,2025-06-07T17:54:18,
pay_IKWVSr7gjzGH5o,order_ku5zetewsAuIEo,upi,46200,139,25,captured,2025-06-07T10:31:22,setl_tAYBt2FClX2ZwW
pay_rVCitPqnDMsVIz,order_WvECQLZE4lFbc3,wallet,289700,5794,1043,captured,2025-06-07T12:01:14,setl_tAYBt2FClX2ZwW
pay_sFu99TbGoXUdeC,order_WvECQLZE4lFbc3,upi,289700,869,156,failed,2025-06-07T13:19:09,
pay_9dz554W7aZFMfA,order_HopFe474IIhkXd,wallet,679900,13598,2448,captured,2025-06-07T18:40:06,setl_tAYBt2FClX2ZwW
pay_zxrd09jKqXJvkD,order_WethxaatGoNi6Z,card,762700,15254,2746,captured,2025-06-07T12:41:45,setl_tAYBt2FClX2ZwW
pay_0UuW8X4NlgGVoB,order_C9eO2YyE23nXsM,upi,2009200,6028,1085,captured,2025-06-07T19:13:49,setl_tAYBt2FClX2ZwW
pay_hupAWq8py9kAI8,order_AIFtK1BUPe2DrY,upi,123611,371,67,captured,2025-06-07T07:30:25,setl_tAYBt2FClX2ZwW
pay_OKDkgcFuPGeFca,order_va0QYK8Iv7X0L9,card,71500,1430,257,captured,2025-06-07T10:49:36,setl_tAYBt2FClX2ZwW
pay_yoTEXsLCIYEx7U,order_pQH5XahAl0X45g,upi,15400,46,8,captured,2025-06-07T20:22:56,setl_tAYBt2FClX2ZwW
pay_UuCUGoDJUAJeAx,order_sszHdeMEfCRORP,card,19600,392,71,captured,2025-06-07T09:59:01,setl_tAYBt2FClX2ZwW
pay_FlFG6k5NKJepow,order_RqdbD7T0LR2kv4,card,113500,2270,409,captured,2025-06-07T12:25:58,setl_tAYBt2FClX2ZwW
pay_UJmL0xljapCMVL,order_wtQVe9TYYJnJ4v,card,18200,364,66,captured,2025-06-08T09:18:43,setl_jYa24Xwphe0kKk
pay_1s8LYDhbBEWXv8,order_idVo1aTeHUUF25,card,153705,3074,553,captured,2025-06-08T20:02:20,setl_jYa24Xwphe0kKk
pay_TyVmopR9i4BWQB,order_GH6z0PwMofDf8U,upi,616700,1850,333,captured,2025-06-08T14:31:19,setl_jYa24Xwphe0kKk
pay_Lab4LO86v9ROMY,order_WtNH7h7w6ZZPMs,netbanking,2737700,46541,8377,captured,2025-06-08T21:58:34,setl_jYa24Xwphe0kKk
pay_EIyduVFpjGfeC1,order_6uGVp4HVflslry,upi,2918200,8755,1576,captured,2025-06-08T15:24:33,setl_jYa24Xwphe0kKk
pay_dTILXnl3qNsVhc,order_qmslfes6THHkd1,card,269700,5394,971,captured,2025-06-08T14:54:45,setl_jYa24Xwphe0kKk
pay_ldijXlIcE1ucOU,order_xzfrEL5ELHFplR,upi,926900,2781,501,captured,2025-06-08T17:16:02,setl_jYa24Xwphe0kKk
pay_W8EAEeIb5Aue1p,order_nEKBDggj2eF6OL,card,37211,744,134,refunded,2025-06-08T08:44:53,
pay_wdlEnxuiPJCYdn,order_XnhMn1LFjzH5k7,upi,1140300,3421,616,captured,2025-06-09T09:25:53,setl_dWbQToZOUi7Noa
pay_9lWVnkJIthnu2x,order_2ZPOZ1OSPPnfbO,wallet,1868800,37376,6728,captured,2025-06-09T14:45:34,setl_dWbQToZOUi7Noa
pay_clm4ica0Er2Sy1,order_r1p99z2FWJad9R,card,8167,163,29,captured,2025-06-09T09:43:51,setl_dWbQToZOUi7Noa
pay_ZabtH8DIrzxi1S,order_lpECTK7jVdtID7,card,165400,3308,595,captured,2025-06-09T22:54:11,setl_dWbQToZOUi7Noa
pay_mT9KRAYJ2JhL6f,order_KCWutnoP7UuYcT,netbanking,124700,2120,382,captured,2025-06-09T10:31:27,setl_dWbQToZOUi7Noa
pay_60ZcjfmFyme426,order_UshU2ax069XxVd,card,24600,492,89,captured,2025-06-09T12:20:42,setl_dWbQToZOUi7Noa
pay_SzBtIcoUJjDqe4,order_BGPIghlfX83b5z,upi,933500,2801,504,captured,2025-06-09T12:05:19,setl_dWbQToZOUi7Noa
pay_eaEBrDo6uiQIin,order_DNtjj5AgDKlKXh,upi,2269000,6807,1225,captured,2025-06-09T18:09:14,setl_dWbQToZOUi7Noa
pay_7SOhWnsM4U1nY6,order_yJe3izWGmmBuGe,upi,161400,484,87,captured,2025-06-09T09:09:53,setl_dWbQToZOUi7Noa
pay_8FjKDnyZOcN26R,order_tCFK57NCmgui2V,card,28914,578,104,captured,2025-06-09T17:11:58,setl_dWbQToZOUi7Noa
pay_QWGU3yjeSduRCp,order_yTCn3h7OQrVx4h,upi,538600,1616,291,captured,2025-06-09T13:43:36,setl_dWbQToZOUi7Noa
pay_5guV0VMHi3X065,order_XSLnk9BRa0mPlA,upi,52400,157,28,captured,2025-06-10T09:29:34,setl_4DgekV8B8S4QL7
pay_dLEKaLvY6Hzn3i,order_uB4UktktzuhqNb,upi,44600,134,24,captured,2025-06-10T14:52:08,setl_4DgekV8B8S4QL7
pay_IBsCy6fJuZCG86,order_QfogVjn3I9gwe2,upi,303100,909,164,captured,2025-06-10T10:01:20,setl_4DgekV8B8S4QL7
pay_ToEJ5tjLoDb9MA,order_ZCaG8Os1SCZwXP,upi,196100,588,106,captured,2025-06-10T09:50:42,setl_4DgekV8B8S4QL7
pay_4GZqRHCt5MlfND,order_axeWoq69Kffs6J,upi,22600,68,12,captured,2025-06-10T09:49:19,setl_4DgekV8B8S4QL7
pay_5dkp6eRE507wU8,order_MxuIKy0amrPCZG,card,56600,1132,204,captured,2025-06-10T15:44:48,setl_4DgekV8B8S4QL7
pay_sHENSUyJS5BaLp,order_NdXJfHizGXLv67,upi,10700,32,6,captured,2025-06-10T14:20:27,setl_4DgekV8B8S4QL7
pay_3XGoIXwBYqMDG0,order_vSB1yi8xtIVwpP,card,81200,1624,292,captured,2025-06-10T12:58:51,setl_4DgekV8B8S4QL7
pay_kc3jjjtxk0aMtL,order_7lIauXsx4isxUs,card,294187,5884,1059,captured,2025-06-10T10:47:02,setl_4DgekV8B8S4QL7
pay_sT8XpAVKsmKBic,order_0sejC4RpHlqQGB,upi,58200,175,32,captured,2025-06-10T10:34:42,setl_4DgekV8B8S4QL7
pay_SJUx59YKOp1jVT,order_0sejC4RpHlqQGB,card,58200,1164,210,failed,2025-06-10T10:30:25,
pay_ykaB3DN7IljCpL,order_oWGLWqluiBXOyt,upi,526400,1579,284,captured,2025-06-10T13:45:32,setl_4DgekV8B8S4QL7
pay_dEPseeFzxiGoeF,order_Fhc8CCShsW4P5k,upi,2831600,8495,1529,captured,2025-06-11T18:43:57,setl_FsCFcmzGiiWfGB
pay_4EljbWZatGCoAO,order_aCM0Xv4rOAVZf3,upi,31300,94,17,captured,2025-06-11T12:01:39,setl_FsCFcmzGiiWfGB
pay_aQPgtBqzN0ju01,order_kescSniIQ3tinb,upi,44800,134,24,captured,2025-06-11T13:14:02,setl_FsCFcmzGiiWfGB
pay_bmR7JgHETINoWx,order_MX1pK6uYMTZc9B,upi,2442436,7327,1319,captured,2025-06-11T16:56:32,setl_FsCFcmzGiiWfGB
pay_lB50jFRVXFXdAT,order_MX1pK6uYMTZc9B,card,2442436,48849,8793,captured,2025-06-11T17:18:32,setl_FsCFcmzGiiWfGB
pay_aKOHVpPxaPr4Hj,order_xIsAS0axXqUsaT,upi,445137,1335,240,captured,2025-06-11T14:46:21,setl_FsCFcmzGiiWfGB
pay_bSQlLAmnhEbsnu,order_ITZ9MQgg2SE73m,upi,1970000,5910,1064,captured,2025-06-11T22:11:12,setl_FsCFcmzGiiWfGB
pay_FX3uHQN72xAQWX,order_RhO87xPrUNu03t,upi,24700,74,13,captured,2025-06-11T13:05:42,setl_FsCFcmzGiiWfGB
pay_lD8jhEpq71XjEJ,order_kI4Bsxe4s78NkR,upi,34200,103,19,captured,2025-06-11T19:02:19,setl_FsCFcmzGiiWfGB
pay_6mdxvLTzxVG452,order_ZtYS8sUoRQdAJ2,upi,855200,2566,462,captured,2025-06-11T19:20:51,setl_FsCFcmzGiiWfGB
pay_SJPkR26kAP2kdW,order_qeY6Z7UX4kPhvo,upi,147600,443,80,captured,2025-06-11T12:24:57,setl_FsCFcmzGiiWfGB
pay_jNRsrZjDfLswtq,order_IOJr7SmbP9fLzs,card,1547200,30944,5570,captured,2025-06-11T10:49:28,setl_FsCFcmzGiiWfGB
pay_1dKMbtc5rTaDm6,order_lMky6jpjjXD5C8,upi,93700,281,51,captured,2025-06-12T19:17:32,setl_hMyIeRaHel90mo
pay_B8ThR3vUrTEnYc,order_h3CyFiAeIpRqGT,upi,34000,102,18,captured,2025-06-12T17:42:22,setl_hMyIeRaHel90mo
pay_fKPnAN38Kit1VI,order_zAPbVwI5HIeezP,upi,17200,52,9,captured,2025-06-12T19:57:55,setl_hMyIeRaHel90mo
pay_RExG1QPRXyEKio,order_lAYE4T2J3mAxak,card,798800,15976,2876,captured,2025-06-12T22:28:39,setl_9IfyGWU1TujH72
pay_svopHudJt6Ng0O,order_cYJ1HtqvYuQyVj,upi,13200,40,7,captured,2025-06-12T16:00:37,setl_hMyIeRaHel90mo
pay_l7EiLgEzgfDYmF,order_KxnEsSdiiCoSQj,upi,1322600,3968,714,captured,2025-06-12T17:29:24,setl_hMyIeRaHel90mo
pay_5UVncUCBWaAA0i,order_muIspAlvJbV0iH,card,1176900,23538,4237,captured,2025-06-12T10:07:18,setl_9IfyGWU1TujH72
pay_KghLlFNTqmCF39,order_ftx9zCL2cfxX4E,card,1279900,25598,4608,captured,2025-06-12T22:31:42,setl_9IfyGWU1TujH72
pay_HQbMEu4B8RDLWR,order_3gXyr3gpe1FCuk,upi,18400,55,10,captured,2025-06-12T09:35:12,setl_hMyIeRaHel90mo
pay_FTNof2AkogcOoL,order_IYrqDZvs9iGhYb,card,2262100,45242,8144,captured,2025-06-13T22:35:45,setl_GrTHucmE7oLIlp
pay_QHDRtI0oMlbSvd,order_46pTgaHt2IPkfZ,upi,429800,1289,232,captured,2025-06-13T12:51:41,setl_GrTHucmE7oLIlp
pay_1KqqI3IcbMjeGi,order_3YnvEOujVooHae,netbanking,13900,236,42,captured,2025-06-13T09:20:19,setl_GrTHucmE7oLIlp
pay_bMFWcPort02qnZ,order_3YnvEOujVooHae,card,13900,278,50,captured,2025-06-13T10:22:19,setl_GrTHucmE7oLIlp
pay_N9FCcFxAFagUJD,order_9okrxwlmhfZdQj,upi,33300,100,18,captured,2025-06-13T15:47:10,setl_GrTHucmE7oLIlp
pay_TLlTIoDFiqJdVH,order_iqOdvFianEKDew,card,325900,6518,1173,captured,2025-06-13T09:27:38,setl_GrTHucmE7oLIlp
pay_EKEO7M03V77PRq,order_ILIRE94gFkCzSh,wallet,50000,1000,180,captured,2025-06-13T10:05:16,setl_GrTHucmE7oLIlp
pay_fI0hBIsFLaXxVo,order_jqdrMwpfZHAtSW,wallet,8700,174,31,captured,2025-06-13T09:12:55,setl_GrTHucmE7oLIlp
pay_N5q7HymaT8hSjV,order_VSczngADvqttXN,card,12400,248,45,captured,2025-06-13T18:49:41,setl_GrTHucmE7oLIlp
pay_tJ17QT7dOj0Js2,order_fk7yVLy0DiiBwP,card,608700,12174,2191,captured,2025-06-13T14:37:52,setl_GrTHucmE7oLIlp
pay_dJRj3F2cyxBqy9,order_fk7yVLy0DiiBwP,card,608700,12174,2191,failed,2025-06-13T10:11:45,
pay_VCOiSp0snd0gvI,order_CFYLQ2AX3nCA0B,upi,8300,25,5,captured,2025-06-13T21:10:01,setl_GrTHucmE7oLIlp
pay_QZAk9QWirzo1Lm,order_CFYLQ2AX3nCA0B,card,8300,166,30,failed,2025-06-13T18:23:33,
pay_9rHpHMOllGw9bI,order_kceLlLxZYy5fSJ,card,27300,546,98,captured,2025-06-14T09:02:20,setl_gU7RuvzFOWt5IV
pay_OY72STAa4W57Sz,order_3jHwgSwDEC2GGx,upi,13991,42,8,captured,2025-06-14T18:18:06,setl_gU7RuvzFOWt5IV
pay_DKuBXAM7jQvdHQ,order_gSp1dxpWP7XYc6,upi,57700,173,31,captured,2025-06-14T15:12:20,setl_gU7RuvzFOWt5IV
pay_6zUUA7W8oIEhaX,order_mJypj6RNm7BXfe,card,79500,1590,286,captured,2025-06-14T17:27:43,setl_gU7RuvzFOWt5IV
pay_VmepvNjwoxclaR,order_bFIb2ZN1CLyX8G,card,50800,1016,183,captured,2025-06-14T22:56:46,setl_gU7RuvzFOWt5IV
pay_43QO2S4u0nMrma,order_TLCopSdGe340iM,upi,1975500,5927,1067,captured,2025-06-14T11:11:33,setl_gU7RuvzFOWt5IV
pay_ZC70KmMreHpKiQ,order_7gyPbHi0Qdr38L,card,24500,490,88,captured,2025-06-14T11:31:08,setl_gU7RuvzFOWt5IV
pay_q4IA5XAITpqfQr,order_0I1DsvFiDe8JRR,card,581500,11630,2093,captured,2025-06-14T08:16:57,setl_gU7RuvzFOWt5IV
pay_qg09n6qv3el1IF,order_0I1DsvFiDe8JRR,upi,581500,1745,314,captured,2025-06-14T09:37:57,setl_gU7RuvzFOWt5IV
pay_tTSrb7gu9SH9Je,order_9037u0IgWD8nAj,netbanking,232000,3944,710,captured,2025-06-14T21:26:08,setl_gU7RuvzFOWt5IV
pay_kvkPnEaL1R14Ev,order_E2ukfMn21ulMYF,card,39366,787,142,captured,2025-06-14T17:28:24,setl_gU7RuvzFOWt5IV
pay_EmReB1OOMdHdmR,order_ndPKt6XvUljYfV,wallet,35600,712,128,captured,2025-06-14T14:16:27,setl_gU7RuvzFOWt5IV
pay_jYuWD0me2gRs2g,order_ndPKt6XvUljYfV,upi,35600,107,19,failed,2025-06-14T10:33:15,
pay_DCISd4RFTQTSPc,order_hBYcrXW3gVq8yC,upi,1303100,3909,704,captured,2025-06-15T17:18:16,setl_0WHC9wBot0QsSr
pay_TzE7QYgr1tSX1v,order_7j4D4SF8RklozB,upi,1228100,3684,663,captured,2025-06-15T15:01:46,setl_0WHC9wBot0QsSr
pay_sjGL6wV2WcR0Jk,order_kwZVtFnNxPTyms,upi,47000,141,25,captured,2025-06-15T19:36:35,setl_0WHC9wBot0QsSr
pay_xxNUaCcuAwlxBn,order_BKfMmzCGOC7ckh,card,2216600,44332,7980,captured,2025-06-15T15:58:36,setl_0WHC9wBot0QsSr
pay_kk2VAMmeVmsPAF,order_U8vCxes7T2BzhI,netbanking,129423,2200,396,captured,2025-06-15T13:25:07,setl_0WHC9wBot0QsSr
pay_Ml4YjhWf3osFoF,order_8ybfPAaghnE170,upi,8800,26,5,captured,2025-06-15T21:50:44,setl_0WHC9wBot0QsSr
pay_qzrARvU71SNmfp,order_gyMVg6kd2hbX4d,upi,540000,1620,292,captured,2025-06-15T09:40:53,setl_0WHC9wBot0QsSr
pay_771HcM0d2H4pmp,order_JHJEH4arlXCIvf,upi,217600,653,118,captured,2025-06-15T21:59:20,setl_0WHC9wBot0QsSr
pay_CsA0VQ3XgYwM2c,order_KE2j2ZepZXgnQa,card,205200,4104,739,captured,2025-06-16T18:02:11,setl_V4RrnQMdLLCfmw
pay_nHpR03WVvlLmCu,order_VMdYL0yKqsO5aE,card,38100,762,137,captured,2025-06-16T09:33:23,setl_V4RrnQMdLLCfmw
pay_NiUQ5t4KNjnCzp,order_MEwFVAnqtPok23,wallet,70100,1402,252,captured,2025-06-16T12:02:21,setl_V4RrnQMdLLCfmw
pay_Ncbhitq3CCuZ0G,order_CQPzmbsJsAngTp,upi,8500,26,5,captured,2025-06-16T20:23:29,setl_YnMH0wZDC0CHrv
pay_Rj3iKkSfbWU7Uw,order_sEj8PxokU0asBM,upi,48800,146,26,captured,2025-06-16T12:58:03,setl_YnMH0wZDC0CHrv
pay_AIyzcg0KNKGXyh,order_nzGlCdc8geSKvc,card,327200,6544,1178,captured,2025-06-16T08:02:46,setl_V4RrnQMdLLCfmw
pay_zacMNwNj1xX1D1,order_4DPBBMPuBw0qVE,netbanking,23900,406,73,captured,2025-06-16T20:15:03,setl_V4RrnQMdLLCfmw
pay_JYF8n2hTIOdA2K,order_Q73PQbcTMEIfI6,upi,44900,135,24,captured,2025-06-16T12:56:42,setl_YnMH0wZDC0CHrv
pay_hDu13lmgba7Q8D,order_0vXdjgC7vUvx82,card,96300,1926,347,captured,2025-06-16T10:37:06,setl_V4RrnQMdLLCfmw
pay_5wqpsONpzCfEKW,order_0vXdjgC7vUvx82,upi,96300,289,52,failed,2025-06-16T11:24:43,
pay_hTEVaGzBj3jP6Z,order_B5AbQsPLykrAJs,upi,13800,41,7,captured,2025-06-17T22:56:49,setl_kzv3xveqLomx9h
pay_eHLlOUwTwjUvsF,order_B5AbQsPLykrAJs,card,13800,276,50,failed,2025-06-17T09:03:04,
pay_yQWH13Z9vF9E0t,order_yDCLv1ubyVWOxD,card,267300,5346,962,captured,2025-06-17T13:18:49,setl_kzv3xveqLomx9h
pay_xr2ob72L0AbQ5V,order_LNRYFMgyPIYapc,upi,57800,173,31,captured,2025-06-17T14:29:02,setl_kzv3xveqLomx9h
pay_sPFDAk8zBXc6Cf,order_pCCrMEAOJNdQV6,wallet,16579,332,60,captured,2025-06-17T20:35:47,setl_kzv3xveqLomx9h
pay_LocPl9zdgLi6mt,order_RJqM53Pcx5Z5IM,upi,21300,64,12,captured,2025-06-17T13:34:47,setl_kzv3xveqLomx9h
pay_zCtVqCgrwiTpFD,order_OpCuUv0IDyJwHI,upi,84400,253,46,captured,2025-06-17T22:31:40,setl_kzv3xveqLomx9h
pay_AXkWZKxWq3kKPV,order_aFaeJYm7gs65Q7,upi,12600,38,7,captured,2025-06-17T14:25:02,setl_kzv3xveqLomx9h
pay_AgSEtc7o5G5wIf,order_cLp9WAtgyz5J98,upi,973000,2919,525,captured,2025-06-17T07:57:13,setl_kzv3xveqLomx9h
pay_0HEvvXWhhsemvH,order_cLp9WAtgyz5J98,card,973000,19460,3503,failed,2025-06-17T16:16:13,
pay_dvQUcLTDPCWmSQ,order_KyqOankcJbnQ3g,upi,36600,110,20,captured,2025-06-18T07:22:21,setl_R1Txn5yzZueCwN
pay_WGq28qQo0mXtPd,order_afmhDQD2kxuDWd,card,27700,554,100,captured,2025-06-18T07:16:54,setl_R1Txn5yzZueCwN
pay_Wg3OnQ0ctiGUUp,order_72G82kp6iyvreR,upi,1267200,3802,684,captured,2025-06-18T17:35:42,setl_R1Txn5yzZueCwN
pay_N6kQAxFerez4tb,order_omucIVB3UpaKdN,netbanking,24900,423,76,captured,2025-06-18T12:44:22,setl_R1Txn5yzZueCwN
pay_14k9O7RoYpk7qE,order_AkFuuwAy6kulvE,upi,479233,1438,259,captured,2025-06-18T16:42:57,setl_R1Txn5yzZueCwN
pay_yemmCpwnbyAk6g,order_iIVYUWEJpEWZiX,upi,18600,56,10,refunded,2025-06-18T16:13:07,
pay_ytoCr3Il1XcMC5,order_qnFAlQ8piP3wPN,card,1008700,20174,3631,captured,2025-06-18T12:21:16,setl_R1Txn5yzZueCwN
pay_fOf0VhR07URGOA,order_uJAA65DluMUmIM,card,20500,410,74,captured,2025-06-18T19:35:46,setl_R1Txn5yzZueCwN
pay_dAuUoDpfc9VuNR,order_8UMBvtpBRYKyP0,upi,9100,27,5,captured,2025-06-18T19:38:36,setl_R1Txn5yzZueCwN
pay_u8oVyQ6O9SqHGq,order_8UMBvtpBRYKyP0,upi,9100,27,5,failed,2025-06-18T20:23:54,
pay_tZLnUIFyNRWcJe,order_w7otS4wzIj6KJK,card,279570,5591,1006,captured,2025-06-19T14:08:43,setl_1jpkSgpmNN3NZH
pay_U6Y9yJyMBrwtm3,order_FD3zAuVdmikXyf,upi,972600,2918,525,captured,2025-06-19T13:49:47,setl_1jpkSgpmNN3NZH
pay_Iz2GBipBJ2xYbi,order_G0JBtJTgOAs7cD,netbanking,10200,173,31,captured,2025-06-19T16:03:58,setl_1jpkSgpmNN3NZH
pay_RIoc2iffB3TXYa,order_YX0b1ABWnXnSvp,upi,56200,169,30,captured,2025-06-19T21:14:46,setl_1jpkSgpmNN3NZH
pay_swDC51ALsjnMeY,order_6VZIaM7J8WbwrJ,card,556300,11126,2003,captured,2025-06-19T12:04:10,setl_1jpkSgpmNN3NZH
pay_5UcEACsUGlVIwG,order_W90EH9AVIDpBMv,upi,16300,49,9,captured,2025-06-19T11:43:05,setl_1jpkSgpmNN3NZH
pay_9Gni7md4nvPZhh,order_MJhcBs4McZhGuD,wallet,154200,3084,555,captured,2025-06-19T22:28:43,setl_1jpkSgpmNN3NZH
pay_QhI0joDYrfvT4n,order_IaYpQKhbSzl5xv,upi,186000,558,100,captured,2025-06-19T22:27:45,setl_1jpkSgpmNN3NZH
pay_pOiOwgDMzmKlD8,order_kjTkeOeIUWtwaI,card,14913,298,54,captured,2025-06-20T20:05:22,setl_D4tLAimhY1OQvM
pay_m94Iq2DuFN6vBZ,order_KBelv7I0F6NTaV,upi,24000,72,13,captured,2025-06-20T11:53:46,setl_D4tLAimhY1OQvM
pay_lfOOcUZEV3k53u,order_KBelv7I0F6NTaV,upi,24000,72,13,failed,2025-06-20T16:22:03,
pay_FnSIlnXgF45LqI,order_F4V0TuvC5b0tcs,card,8800,176,32,captured,2025-06-20T15:20:23,setl_D4tLAimhY1OQvM
pay_Xb5EmQ2FnnYCJV,order_F4V0TuvC5b0tcs,upi,8800,26,5,failed,2025-06-20T18:10:23,
pay_btk1jZ3avDK1cL,order_1oIaRVxnbfOv4T,netbanking,47900,814,147,captured,2025-06-20T10:50:26,setl_D4tLAimhY1OQvM
pay_ZFikViJNcPC5PH,order_gqImtad8qok5oR,card,279440,5589,1006,captured,2025-06-20T13:04:32,setl_D4tLAimhY1OQvM
pay_PSIf6hcb3gYCzv,order_bluAiRbjrcq17N,upi,1578900,4737,853,captured,2025-06-20T13:47:13,setl_D4tLAimhY1OQvM
pay_mQ8LCa8y0wSOO4,order_SuZJijff2RvLcM,upi,177800,533,96,captured,2025-06-20T12:16:30,setl_D4tLAimhY1OQvM
pay_PgGp4Az3OcfqM4,order_UmK0LpTjm7Dxiz,card,1566200,31324,5638,captured,2025-06-20T13:09:04,setl_D4tLAimhY1OQvM
pay_kcEFD8OcFQNwQr,order_InZPHIss0gvdC8,upi,104400,313,56,captured,2025-06-20T20:54:52,setl_D4tLAimhY1OQvM
pay_Grpx0pXlcAbLc7,order_TVc7mTRdI4xeP7,netbanking,67700,1151,207,captured,2025-06-21T15:21:53,setl_Nu1pnrC96XiS4a
pay_4fKyP9nYv2lrU2,order_pfX42iXwn2oZW6,upi,677700,2033,366,captured,2025-06-21T22:54:41,setl_Nu1pnrC96XiS4a
pay_HBGC0jhJPN3mN9,order_zcMSA5w9OjLSoF,upi,550700,1652,297,captured,2025-06-21T22:58:32,setl_Nu1pnrC96XiS4a
pay_fWUKhhNYNzFIcU,order_n9dHSmihmbR8I0,card,18300,366,66,captured,2025-06-21T11:49:43,setl_Nu1pnrC96XiS4a
pay_iWXVGNFK4IqE4W,order_fTdBOOaZmH6s1S,card,11600,232,42,captured,2025-06-21T16:34:24,setl_Nu1pnrC96XiS4a
pay_wLAGIjg6BKSRzk,order_QqgtsLmRMUMtxL,upi,352981,1059,191,captured,2025-06-21T12:10:25,setl_Nu1pnrC96XiS4a
pay_t0APy2PKUybKZW,order_uyvjliNjFsX63c,upi,158452,475,86,captured,2025-06-21T18:19:19,setl_Nu1pnrC96XiS4a
pay_CcMxe5THX9g8ST,order_y58axqbVfhx0VY,upi,615073,1845,332,captured,2025-06-21T11:54:08,setl_Nu1pnrC96XiS4a
pay_TzNn3XbZn6qyg8,order_UQ6GsGqkXEjFga,upi,867500,2603,469,captured,2025-06-21T21:55:28,setl_Nu1pnrC96XiS4a
pay_m9mt2GTVZMKjTI,order_ZFuinw9nRrBwHc,upi,555500,1667,300,captured,2025-06-21T13:47:01,setl_Nu1pnrC96XiS4a
pay_RRQjZAOhKKN3gG,order_qnI3PwqXAYpq7x,upi,453300,1360,245,captured,2025-06-21T13:45:05,setl_Nu1pnrC96XiS4a
pay_B3xSmWLE6Glw96,order_ZYdmjWgDFjJiXk,card,70700,1414,255,captured,2025-06-21T18:59:06,setl_Nu1pnrC96XiS4a
pay_QPk63NH0ypcJEz,order_iRllGWVgkCtOFJ,card,289200,5784,1041,captured,2025-06-21T20:14:35,setl_Nu1pnrC96XiS4a
pay_B03Lb293TIVSCD,order_iRllGWVgkCtOFJ,upi,289200,868,156,failed,2025-06-21T15:41:32,
pay_kZRchOGOAechV9,order_YUQv29vYOEUM9T,upi,2676692,8030,1445,refunded,2025-06-22T22:37:28,
pay_jVKPyWb8DJOMkN,order_PDjemMJz0apAKK,upi,464000,1392,251,captured,2025-06-22T22:31:32,setl_BSbaZYgI6qQ34M
pay_lBDdZ5ptisxx2y,order_F7nMwMVjLSasTW,upi,243000,729,131,captured,2025-06-22T17:38:34,setl_BSbaZYgI6qQ34M
pay_zGgADP7TTiPTFd,order_BNwDyDzH0HnU7g,card,48900,978,176,captured,2025-06-22T10:10:23,setl_BSbaZYgI6qQ34M
pay_pgElVVyGizg2kC,order_3ZaFSRbMwhzMd0,upi,802400,2407,433,captured,2025-06-22T22:32:55,setl_BSbaZYgI6qQ34M
pay_2v0mMdUzC843rC,order_WEPxJYasXr3XjI,card,14700,294,53,captured,2025-06-22T21:57:18,setl_BSbaZYgI6qQ34M
pay_UwvlqxMr0RDIbr,order_kZYgqxx240j67p,upi,531800,1595,287,captured,2025-06-23T17:39:55,setl_50xLBJWxlxTGaL
pay_dnsvVJ8hLOVTS9,order_7fzH6rmXnBEyl8,netbanking,2517417,42796,7703,captured,2025-06-23T19:48:52,setl_50xLBJWxlxTGaL
pay_kO15vWHMFvTjlk,order_YRVxFmIPpLQJAh,upi,50900,153,28,captured,2025-06-23T18:46:07,setl_50xLBJWxlxTGaL
pay_Eji6O2UTSQlkxC,order_N9oSSHU6TEfS5x,upi,76300,229,41,captured,2025-06-23T09:58:17,setl_50xLBJWxlxTGaL
pay_CehznnlaKaNRpO,order_ArDbYXv3d5WwZ2,upi,1134200,3403,613,captured,2025-06-23T12:11:12,setl_50xLBJWxlxTGaL
pay_d6OHOMLXe5ujRO,order_L2uM59LiZ4n5m2,netbanking,46431,789,142,captured,2025-06-23T18:34:35,setl_50xLBJWxlxTGaL
pay_S90RWqcNgJHxIk,order_4xZqQiaB8oS75t,upi,220900,663,119,captured,2025-06-23T21:10:42,setl_50xLBJWxlxTGaL
pay_rJN68I4FWYIl7Y,order_0VdHc6uyvo3mCf,upi,1310300,3931,708,captured,2025-06-23T13:28:10,setl_50xLBJWxlxTGaL
pay_CpQ9JMGYiWXXm9,order_3Cti7bavDr2uEz,upi,321791,965,174,captured,2025-06-23T20:45:51,setl_50xLBJWxlxTGaL
pay_WBn2ykMRObbjDZ,order_klCBqTYB510M5A,card,22000,440,79,captured,2025-06-23T22:07:46,setl_50xLBJWxlxTGaL
pay_VwlJUJYR6Q3uBM,order_b9jwmlbWvhlouA,netbanking,97800,1663,299,captured,2025-06-23T16:40:44,setl_50xLBJWxlxTGaL
pay_RiPskhAhpko0e0,order_moi7FxoHBHH6ue,upi,143200,430,77,captured,2025-06-24T19:48:41,setl_pvRHq7tiUmlCkj
pay_jrCfgrXPFi0saZ,order_BANAXfGYu6cm30,upi,100200,301,54,captured,2025-06-24T16:52:21,setl_pvRHq7tiUmlCkj
pay_qcP447X6OAktcP,order_OXaNKJwApGtN3l,upi,16310,49,9,captured,2025-06-24T20:06:50,setl_pvRHq7tiUmlCkj
pay_5G9nEHGPNUiTZP,order_EI8YOjSBF6PpuG,card,128900,2578,464,captured,2025-06-24T21:49:39,setl_pvRHq7tiUmlCkj
pay_xu6t4yW5WWZx37,order_EI8YOjSBF6PpuG,netbanking,128900,2191,394,failed,2025-06-24T16:38:45,
pay_HjPPofYwdrpJ65,order_UhSP1vfhgAOWnT,card,21135,423,76,captured,2025-06-24T15:10:02,setl_pvRHq7tiUmlCkj
pay_Q2krLDulubqTkW,order_hXd60GSjPT4BfV,upi,42400,127,23,captured,2025-06-24T08:22:43,setl_pvRHq7tiUmlCkj
pay_2ErTvJurzlR0uw,order_wuzZbzPHM5VCP7,upi,1630200,4891,880,captured,2025-06-24T18:29:03,setl_pvRHq7tiUmlCkj
pay_sZ4OE4lfRYFYrb,order_cbXUFoxpZ3BB9b,upi,388500,1166,210,captured,2025-06-24T21:02:54,setl_pvRHq7tiUmlCkj
pay_ql5MTqSGEKAhOI,order_1Ek20sRulqIMp8,upi,51900,156,28,captured,2025-06-24T18:27:08,setl_pvRHq7tiUmlCkj
pay_QLDsJIpqZI6LMx,order_7FH808UC4A6hTj,netbanking,23300,396,71,captured,2025-06-24T18:12:53,setl_pvRHq7tiUmlCkj
pay_qgIuvycyT597rA,order_mGNdllxIejxMiQ,card,144700,2894,521,captured,2025-06-25T15:16:21,setl_nlvFRTtSJmctDW
pay_nOZUReGAPt6Jsd,order_HLq8lCu0AiqE46,card,586800,11736,2112,captured,2025-06-25T12:13:59,setl_nlvFRTtSJmctDW
pay_iV14Yb41Lz8eM1,order_wxEPQ75eJV9Vc4,upi,174800,524,94,captured,2025-06-25T22:13:24,setl_nlvFRTtSJmctDW
pay_JwLGsA0BRMx50c,order_mLRP5F6mHit2QT,card,17900,358,64,captured,2025-06-25T19:07:31,setl_nlvFRTtSJmctDW
pay_bsTH6gAdwXG3bl,order_uYVL7joObiNszI,netbanking,1460117,24822,4468,captured,2025-06-25T10:05:22,setl_nlvFRTtSJmctDW
pay_iFk0q4ijADC3fO,order_kywvtpHvVCi6Jd,upi,145200,436,78,captured,2025-06-25T19:29:03,setl_nlvFRTtSJmctDW
pay_JJqkJEL9CvNf6S,order_XiR7R3HZa7OuDP,upi,11800,35,6,captured,2025-06-25T18:51:59,setl_nlvFRTtSJmctDW
pay_670TtMTikYB2Wq,order_3MudktNw539F79,upi,-868099,-2604,-469,captured,2025-06-25T14:45:08,setl_nlvFRTtSJmctDW
pay_y0kNaonIbBgcQ4,order_TXK8ESc4UK9Jg6,netbanking,992300,16869,3036,captured,2025-06-25T10:46:48,setl_nlvFRTtSJmctDW
pay_NqtpcdRTMUIfqM,order_zrFARiCgwDpt6L,card,652500,13050,2349,captured,2025-06-25T16:05:40,setl_nlvFRTtSJmctDW
pay_vYMklgpnncpFzj,order_3vr6hHi4LBDkaK,card,1328000,26560,4781,captured,2025-06-26T18:13:28,setl_FSUSiBrVDTHkay
pay_zBPVSjU1xN6379,order_o1SjIM2yBI9MZ7,upi,418100,1254,226,captured,2025-06-26T15:54:47,setl_FSUSiBrVDTHkay
pay_9iskkiYyXFfU7G,order_61hMuvbmWmWYCK,netbanking,223400,3798,684,captured,2025-06-26T18:33:34,setl_FSUSiBrVDTHkay
pay_NGAR1Y35lBllUO,order_VDBn9WdwcyVrDr,upi,882200,2647,476,captured,2025-06-26T16:26:54,setl_FSUSiBrVDTHkay
pay_6lepsqiiiPx4ia,order_LNcctbz21ZvhnI,upi,226396,679,122,captured,2025-06-26T08:49:19,setl_FSUSiBrVDTHkay
pay_hufiDK19epWoB3,order_o3HjbLOTKOsyao,upi,13476,40,7,captured,2025-06-26T16:34:54,setl_FSUSiBrVDTHkay
pay_8cGfyF0rCAqkJx,order_kDu5iyDNi3yWr2,upi,45100,135,24,captured,2025-06-26T17:24:20,setl_FSUSiBrVDTHkay
pay_PiLFlu2inoEbJV,order_dTuX7x4kjWrCKB,card,22600,452,81,captured,2025-06-26T12:06:00,setl_FSUSiBrVDTHkay
pay_9QcELD3pmApNxJ,order_ICge3S5VLVT00a,upi,208900,627,113,captured,2025-06-26T19:58:01,setl_FSUSiBrVDTHkay
pay_eGd82ccUHF6Qtc,order_JWF1joZWL0kbBz,upi,149700,449,81,captured,2025-06-26T21:19:16,setl_FSUSiBrVDTHkay
pay_QXORNigCGOmFTY,order_SJcsGKI1JNLyel,upi,2710000,8130,1463,captured,2025-06-26T19:27:10,setl_FSUSiBrVDTHkay
pay_Fr7BpEgGgWg4fU,order_X0YRRCWVirYZmT,upi,1163900,3492,629,captured,2025-06-27T20:30:48,setl_6GfMbyomxhPKty
pay_gMUO0Ij9T91k5m,order_kfHaki5taX4eVs,card,24577,492,89,captured,2025-06-27T10:08:29,setl_6GfMbyomxhPKty
pay_VTXCpKwV0cWy4c,order_HFPfyNcwsPyz1l,card,844000,16880,3038,captured,2025-06-27T12:23:35,setl_6GfMbyomxhPKty
pay_1Tot7NhN8zuYZ0,order_cohsmkzO9wBRPn,card,838800,16776,3020,captured,2025-06-27T07:26:21,setl_6GfMbyomxhPKty
pay_OoNZYGoIp6DnE8,order_EpIiIrVKU7Xz8I,upi,74600,224,40,captured,2025-06-27T19:35:45,setl_6GfMbyomxhPKty
pay_yYcGRpe89FrrnX,order_tyQkwWuUfo3NJ9,wallet,65300,1306,235,captured,2025-06-27T08:42:40,setl_6GfMbyomxhPKty
pay_ATcHCO9dlVlB5A,order_GW9eImoFX73QMO,card,92400,1848,333,captured,2025-06-27T13:28:21,setl_6GfMbyomxhPKty
pay_Jv8KLuhndrUiVW,order_wetNdH2ubhAAPI,card,1648400,32968,5934,captured,2025-06-27T17:16:38,setl_6GfMbyomxhPKty
pay_n7tRtBlV5nB4rg,order_5oQSk3wHQJCoxL,card,212500,4250,765,captured,2025-06-27T19:19:57,setl_6GfMbyomxhPKty
pay_KMZNIEt2aDTLji,order_DbASrwLljbXi6W,upi,846500,2540,457,captured,2025-06-27T17:19:52,setl_6GfMbyomxhPKty
pay_eQUMEOgd4mnULU,order_mxJ08BDqVsjCvL,upi,91888,276,50,captured,2025-06-27T22:54:52,setl_6GfMbyomxhPKty
pay_7UQIT4KCDAQKN7,order_fgl3zI8VmO3Qpj,upi,351700,1055,190,captured,2025-06-27T21:32:50,setl_6GfMbyomxhPKty
pay_EUUOf9bISKJTVj,order_GuUZjRblBmOMrj,card,574000,11480,2066,captured,2025-06-27T11:45:48,setl_6GfMbyomxhPKty
pay_i4XAHXyrHeKDk7,order_BSYzMvRJ81ephE,upi,203200,610,110,captured,2025-06-28T14:09:51,setl_CfKBXkefjeU4aB
pay_J39wZEAF3M4Ll7,order_KIRH9BEcEGjdx2,upi,9200,28,5,captured,2025-06-28T09:25:27,setl_CfKBXkefjeU4aB
pay_eNP4hr2PsTMwLh,order_0f1Azq9e8rCFNw,upi,726300,2179,392,captured,2025-06-28T20:48:28,setl_CfKBXkefjeU4aB
pay_qyja2qRlhK8fMx,order_1v6uEvPm45pfyJ,upi,2716600,8150,1467,captured,2025-06-28T09:43:22,setl_CfKBXkefjeU4aB
pay_TJ4txrJTiwn2hw,order_HCeSfVEcpRmIcK,card,44600,892,161,captured,2025-06-28T09:30:56,setl_CfKBXkefjeU4aB
pay_7OhcNOPzhij2nY,order_Bj2Er2dLQOwCp0,upi,45800,137,25,captured,2025-06-28T22:38:53,setl_CfKBXkefjeU4aB
pay_kNVPfUZ91VEDTI,order_9CRTR1TVii3SzM,upi,16000,48,9,captured,2025-06-28T18:25:18,setl_CfKBXkefjeU4aB
pay_i837wjBVFtYSLT,order_Kf49U0IAzX1Re2,netbanking,1960200,33323,5998,captured,2025-06-28T09:35:04,setl_CfKBXkefjeU4aB
pay_0YGWB9QbGCOLgk,order_WpEE0sT2cjNJAb,card,232200,4644,836,captured,2025-06-28T12:24:51,setl_CfKBXkefjeU4aB
pay_SIz8g6QnRN4H3h,order_rJlyWOKSzLlfN3,upi,114200,343,62,captured,2025-06-28T18:00:32,setl_CfKBXkefjeU4aB
pay_7sov1t0etATSFK,order_w6DkVRwNksO3BS,upi,76912,231,42,captured,2025-06-28T15:53:45,setl_CfKBXkefjeU4aB
pay_Rg9p7E1MvUdmny,order_7hBMUwBc51ymfm,upi,43291,130,23,captured,2025-06-28T16:24:10,setl_CfKBXkefjeU4aB
pay_WHYJqKsKBU5WR0,order_7hBMUwBc51ymfm,upi,43291,130,23,failed,2025-06-28T08:41:02,
pay_5MJJa2yvsoJFw1,order_VXtfdQbmmj4msh,upi,1558000,4674,841,captured,2025-06-28T12:03:20,setl_CfKBXkefjeU4aB
pay_AHmyQmU3Q7X2qx,order_uIPqr35AcjS5if,wallet,14709,294,53,captured,2025-06-28T11:56:59,setl_CfKBXkefjeU4aB
pay_qKFjew0jzJLq0U,order_Thpyoedww5nxoM,wallet,595000,11900,2142,captured,2025-06-28T19:58:48,setl_CfKBXkefjeU4aB
pay_Toh4us6Qu7qBwl,order_nUC3AsRscMqiRd,upi,17400,52,9,captured,2025-06-29T15:30:42,setl_DNuuVtS7W3FATE
pay_R9dL7uesFdmGFb,order_2qnX94N4GGPmSI,upi,12300,37,7,captured,2025-06-29T21:38:27,setl_DNuuVtS7W3FATE
pay_llo1LYcOnJ2jDM,order_dxvwURpTITCCrG,upi,2442100,7326,1319,captured,2025-06-29T12:52:55,setl_DNuuVtS7W3FATE
pay_FSvgfKZXUMyGyQ,order_dxvwURpTITCCrG,upi,2442100,7326,1319,captured,2025-06-29T13:14:55,setl_DNuuVtS7W3FATE
pay_d9sec3hz51b12O,order_ZsuU5TWqIPWLpB,netbanking,33100,563,101,captured,2025-06-29T18:30:13,setl_DNuuVtS7W3FATE
pay_aCctXNEkdmTDde,order_V5IUaoQoUtiLNM,upi,1531318,4594,827,captured,2025-06-29T10:37:14,setl_DNuuVtS7W3FATE
pay_HlSKOTYBXB1FeW,order_8nmZGamzy3NQuo,upi,14400,43,8,captured,2025-06-29T13:33:31,setl_DNuuVtS7W3FATE
pay_EKVS9jxq3g6Hez,order_011yDDw5aCaMyI,card,149200,2984,537,captured,2025-06-29T08:18:39,setl_DNuuVtS7W3FATE
pay_XU8uRl9621rtS2,order_XTSkCumBNvnBF3,upi,420300,1261,227,captured,2025-06-29T19:50:40,setl_DNuuVtS7W3FATE
pay_bQo1eNeduZ1PkF,,card,720200,14404,2593,captured,2025-06-24T17:49:04,setl_pvRHq7tiUmlCkj
pay_olTK7iRRp2FEFR,,card,54000,1080,194,captured,2025-06-11T19:51:46,setl_FsCFcmzGiiWfGB
pay_cuEGfuc4Y3ySel,,netbanking,39300,668,120,captured,2025-05-12T20:28:19,setl_iQSPBi0CTt8zGA
pay_TqZl88SxebsvTX,,card,526900,10538,1897,captured,2025-06-16T20:49:32,setl_V4RrnQMdLLCfmw
pay_3oNQ48QfmtiE7o,,upi,358600,1076,194,captured,2025-04-26T19:16:32,setl_CcgYmCeGu8h0BR
pay_ixyxGcPs09fEyW,,upi,291900,876,158,captured,2025-04-01T17:39:29,setl_eaJX1ElpqQvKTV
